family,condition_id,assigned,ACK,eligible,recovered,lost,unknown_result,premeasurement,proportion,cp95_lower,cp95_upper,close_ms,gap_ms,ack_deadline_ms,key,fault,mapper,environment_profile,workload,durability,timing_anchor,timing_n,timing_min,timing_median,timing_p95,timing_max
close_aligned_recovery_grid,1b9645f158cabd50,10,10,10,0,10,0,0,0.0,0.0,0.3084971078187607,1000,1800,,,qmp_reset,none,,single_256_bytes,relaxed,close_to_dispatch_s,10,1.800389708,1.8034674064999998,1.804098334,1.804098334
close_aligned_recovery_grid,76ed9815edf9859c,10,10,10,10,0,0,0,1.0,0.6915028921812392,1.0,1000,2300,,,qmp_reset,none,,single_256_bytes,relaxed,close_to_dispatch_s,10,2.300174812,2.304082563,2.30911273,2.30911273
close_aligned_recovery_grid,83e5e71614c78b37,10,10,10,10,0,0,0,1.0,0.6915028921812392,1.0,1000,2400,,,qmp_reset,none,,single_256_bytes,relaxed,close_to_dispatch_s,10,2.400035021,2.4036779895000002,2.409101313,2.409101313
close_aligned_recovery_grid,aca385b1cd3aa6c8,10,10,10,0,10,0,0,0.0,0.0,0.3084971078187607,0,1800,,,qmp_reset,none,,single_256_bytes,relaxed,close_to_dispatch_s,10,1.801572,1.804078083,1.809083458,1.809083458
close_aligned_recovery_grid,9f9a8f3252fdaef8,10,10,10,0,10,0,0,0.0,0.0,0.3084971078187607,0,1600,,,qmp_reset,none,,single_256_bytes,relaxed,close_to_dispatch_s,10,1.602884209,1.6040886145000002,1.609092334,1.609092334
close_aligned_recovery_grid,6a4624267f71ae10,10,10,10,10,0,0,0,1.0,0.6915028921812392,1.0,1000,2100,,,qmp_reset,none,,single_256_bytes,relaxed,close_to_dispatch_s,10,2.100027792,2.1023645105,2.106328751,2.106328751
close_aligned_recovery_grid,6c857f59a63b9939,10,10,10,10,0,0,0,1.0,0.6915028921812392,1.0,1000,2200,,,qmp_reset,none,,single_256_bytes,relaxed,close_to_dispatch_s,10,2.201035354,2.2040763644999997,2.20907323,2.20907323
close_aligned_recovery_grid,cfa302c21e51aaee,10,10,10,10,0,0,0,1.0,0.6915028921812392,1.0,0,2200,,,qmp_reset,none,,single_256_bytes,relaxed,close_to_dispatch_s,10,2.203626188,2.2041030525,2.209094896,2.209094896
close_aligned_recovery_grid,244690e27b505de7,10,10,10,0,10,0,0,0.0,0.0,0.3084971078187607,1000,1900,,,qmp_reset,none,,single_256_bytes,relaxed,close_to_dispatch_s,10,1.900036333,1.902322063,1.904113521,1.904113521
close_aligned_recovery_grid,4f66414afeb23501,10,10,10,0,10,0,0,0.0,0.0,0.3084971078187607,1000,1700,,,qmp_reset,none,,single_256_bytes,relaxed,close_to_dispatch_s,10,1.700151229,1.7040773544999999,1.70845825,1.70845825
close_aligned_recovery_grid,cfbd12b3112d018c,10,10,10,10,0,0,0,1.0,0.6915028921812392,1.0,0,2300,,,qmp_reset,none,,single_256_bytes,relaxed,close_to_dispatch_s,10,2.300055208,2.3041052295,2.30910123,2.30910123
close_aligned_recovery_grid,ad2754e92fdc22aa,10,10,10,1,9,0,0,0.1,0.002528578544461784,0.4450161170281953,1000,2000,,,qmp_reset,none,,single_256_bytes,relaxed,close_to_dispatch_s,10,2.000978667,2.00364625,2.009087354,2.009087354
close_aligned_recovery_grid,37e0959d14b386c6,10,10,10,0,10,0,0,0.0,0.0,0.3084971078187607,0,1700,,,qmp_reset,none,,single_256_bytes,relaxed,close_to_dispatch_s,10,1.70403175,1.7040940629999999,1.709101542,1.709101542
close_aligned_recovery_grid,de61bc06d27357de,10,10,10,2,8,0,0,0.2,0.025210726326833376,0.5560954623076415,0,2000,,,qmp_reset,none,,single_256_bytes,relaxed,close_to_dispatch_s,10,2.000014271,2.0036331665000002,2.008053959,2.008053959
close_aligned_recovery_grid,df383495e22e1713,10,10,10,10,0,0,0,1.0,0.6915028921812392,1.0,0,2400,,,qmp_reset,none,,single_256_bytes,relaxed,close_to_dispatch_s,10,2.404058041,2.404087156,2.409096688,2.409096688
close_aligned_recovery_grid,2ffd9fe8ef85a789,10,10,10,10,0,0,0,1.0,0.6915028921812392,1.0,0,2100,,,qmp_reset,none,,single_256_bytes,relaxed,close_to_dispatch_s,10,2.102716688,2.1040944485,2.109106147,2.109106147
close_aligned_recovery_grid,8816c713711a1bcd,10,10,10,0,10,0,0,0.0,0.0,0.3084971078187607,1000,1600,,,qmp_reset,none,,single_256_bytes,relaxed,close_to_dispatch_s,10,1.603579313,1.604095365,1.609137605,1.609137605
close_aligned_recovery_grid,be30fa58cc1677dc,10,10,10,0,10,0,0,0.0,0.0,0.3084971078187607,0,1900,,,qmp_reset,none,,single_256_bytes,relaxed,close_to_dispatch_s,10,1.904051896,1.9040929485000002,1.904115313,1.904115313
held_connection_recovery_sweep,e752159c604fc1fe,10,10,10,1,9,0,0,0.1,0.002528578544461784,0.4450161170281953,,,12500,,qmp_reset,none,,single_256_bytes,relaxed,ack_to_dispatch_s,10,12.501619833,12.5040866875,12.504129291,12.504129291
held_connection_recovery_sweep,074b7e864c935377,10,10,10,0,10,0,0,0.0,0.0,0.3084971078187607,,,5000,,qmp_reset,none,,single_256_bytes,relaxed,ack_to_dispatch_s,10,5.00407525,5.004098896,5.009144834,5.009144834
held_connection_recovery_sweep,8415528b4feeb5fe,10,10,10,10,0,0,0,1.0,0.6915028921812392,1.0,0,,15000,,qmp_reset,none,,single_256_bytes,relaxed,ack_to_dispatch_s,10,15.004077334,15.0041110625,15.004233167,15.004233167
held_connection_recovery_sweep,a7b71a8ae2551202,10,10,10,1,9,0,0,0.1,0.002528578544461784,0.4450161170281953,,,15000,,qmp_reset,none,,single_256_bytes,relaxed,ack_to_dispatch_s,10,15.001518666,15.004106646,15.009095125,15.009095125
held_connection_recovery_sweep,2c246ff408a5578d,10,10,10,10,0,0,0,1.0,0.6915028921812392,1.0,0,,5000,,qmp_reset,none,,single_256_bytes,relaxed,ack_to_dispatch_s,10,5.000030708,5.004114979000001,5.0090945,5.0090945
held_connection_recovery_sweep,dbe43340fad44025,10,10,10,0,10,0,0,0.0,0.0,0.3084971078187607,,,10000,,qmp_reset,none,,single_256_bytes,relaxed,ack_to_dispatch_s,10,10.004068833,10.0040996255,10.00413,10.00413
held_connection_recovery_sweep,fb1e4ed719a1cad3,10,10,10,0,10,0,0,0.0,0.0,0.3084971078187607,,,7500,,qmp_reset,none,,single_256_bytes,relaxed,ack_to_dispatch_s,10,7.503184542,7.504087813,7.504131792,7.504131792
six_key_conditions,447e45dec6129e8f,10,10,10,10,0,0,0,1.0,0.6915028921812392,1.0,,,30000,held_thirty_seconds,qmp_reset,none,,single_256_bytes,relaxed,ack_to_dispatch_s,10,30.001544958,30.004101458,30.009132291,30.009132291
six_key_conditions,2d83490ba09d7383,10,10,10,10,0,0,0,1.0,0.6915028921812392,1.0,0,,2500,immediate_close_late_deadline,qmp_reset,none,,single_256_bytes,relaxed,ack_to_dispatch_s,10,2.500917584,2.5065959585,2.509130667,2.509130667
six_key_conditions,d7b012594ed6e8fe,10,10,10,0,10,0,0,0.0,0.0,0.3084971078187607,,,15000,held_fifteen_seconds,qmp_reset,none,,single_256_bytes,relaxed,ack_to_dispatch_s,10,15.003600542,15.0041429375,15.00914475,15.00914475
six_key_conditions,d2e9bc2ae4595bbb,10,10,10,10,0,0,0,1.0,0.6915028921812392,1.0,0,,500,strict_short_deadline,qmp_reset,none,,single_256_bytes,strict,ack_to_dispatch_s,10,0.50286125,0.5040819375000001,0.509103333,0.509103333
six_key_conditions,f3d6caf4eee3b028,10,10,10,0,10,0,0,0.0,0.0,0.3084971078187607,,,5000,held_five_seconds,qmp_reset,none,,single_256_bytes,relaxed,ack_to_dispatch_s,10,5.000784041,5.004126375,5.009129167,5.009129167
six_key_conditions,72d4d7fb4a3ca154,10,10,10,0,10,0,0,0.0,0.0,0.3084971078187607,1000,,2750,delayed_close_short_interval,qmp_reset,none,,single_256_bytes,relaxed,ack_to_dispatch_s,10,2.753644625,2.7541051045,2.759109041,2.759109041
target_byte_diagnostics,0aa2e6cebd743b31,10,10,10,0,10,0,0,0.0,0.0,0.3084971078187607,1000,,2750,delayed_close_short_interval,qmp_reset,none,,single_256_bytes,relaxed,ack_to_dispatch_s,10,2.754095125,2.7591048125,2.7591255,2.7591255
target_byte_diagnostics,443624877a8efe97,10,10,10,2,8,0,0,0.2,0.025210726326833376,0.5560954623076415,,,15000,held_fifteen_seconds,qmp_reset,none,,single_256_bytes,relaxed,ack_to_dispatch_s,10,15.000456459,15.004093375,15.009117875,15.009117875
target_byte_diagnostics,fcbace1cce936d2b,10,10,10,0,10,0,0,0.0,0.0,0.3084971078187607,,,5000,held_five_seconds,qmp_reset,none,,single_256_bytes,relaxed,ack_to_dispatch_s,10,5.001241125,5.0088593125,5.009120083,5.009120083
target_byte_diagnostics,b1b9516da072c0b8,10,10,10,10,0,0,0,1.0,0.6915028921812392,1.0,0,,2500,immediate_close_late_deadline,qmp_reset,none,,single_256_bytes,relaxed,ack_to_dispatch_s,10,2.502582834,2.509075229,2.509100958,2.509100958
trace_category_timelines,a9d233c25dff5e51,5,5,4,1,3,1,0,0.25,0.006309463209709865,0.8058795503167566,,,15000,held_fifteen_seconds,qmp_reset,none,,single_256_bytes,relaxed,ack_to_dispatch_s,4,15.004065209,15.0065833125,15.009102208,15.009102208
trace_category_timelines,1e0c7cdeaca6592c,5,5,5,0,5,0,0,0.0,0.0,0.5218237501049814,,,5000,held_five_seconds,qmp_reset,none,,single_256_bytes,relaxed,ack_to_dispatch_s,5,5.004072208,5.00407525,5.009073291,5.009073291
trace_category_timelines,7fee48919d4acd7d,5,5,3,0,3,2,0,0.0,0.0,0.7075982261787135,1000,,2750,delayed_close_short_interval,qmp_reset,none,,single_256_bytes,relaxed,ack_to_dispatch_s,3,2.754061042,2.754062542,2.759072208,2.759072208
trace_category_timelines,be33e7899c5c433b,5,4,4,4,0,0,1,1.0,0.3976353643835253,1.0,0,,2500,immediate_close_late_deadline,qmp_reset,none,,single_256_bytes,relaxed,ack_to_dispatch_s,4,2.504068959,2.5065763954999998,2.509210834,2.509210834
fault_scope_comparison,afba88230c1c38cd,10,10,10,0,10,0,0,0.0,0.0,0.3084971078187607,,,5000,held_five_seconds,sysrq_reboot,none,,single_256_bytes,relaxed,ack_to_dispatch_s,10,5.002554,5.0040770000000006,5.0090985,5.0090985
fault_scope_comparison,19512bd213ec8577,10,10,10,3,7,0,0,0.3,0.06673951117773447,0.6524528500599973,,,15000,held_fifteen_seconds,sysrq_reboot,none,,single_256_bytes,relaxed,ack_to_dispatch_s,10,15.000029625,15.004085854,15.009086125,15.009086125
fault_scope_comparison,72d4d7fb4a3ca154,10,10,10,0,10,0,0,0.0,0.0,0.3084971078187607,1000,,2750,delayed_close_short_interval,qmp_reset,none,,single_256_bytes,relaxed,ack_to_dispatch_s,10,2.750040959,2.7540832085,2.7590875,2.7590875
fault_scope_comparison,2d83490ba09d7383,10,10,10,10,0,0,0,1.0,0.6915028921812392,1.0,0,,2500,immediate_close_late_deadline,qmp_reset,none,,single_256_bytes,relaxed,ack_to_dispatch_s,10,2.50005275,2.5040900625,2.509105875,2.509105875
fault_scope_comparison,d7b012594ed6e8fe,10,10,10,0,10,0,0,0.0,0.0,0.3084971078187607,,,15000,held_fifteen_seconds,qmp_reset,none,,single_256_bytes,relaxed,ack_to_dispatch_s,10,15.004080917,15.00416675,15.009211875,15.009211875
fault_scope_comparison,463cabd042396c5d,10,10,10,10,0,0,0,1.0,0.6915028921812392,1.0,0,,2500,immediate_close_late_deadline,sysrq_reboot,none,,single_256_bytes,relaxed,ack_to_dispatch_s,10,2.504049125,2.5065796454999996,2.509092125,2.509092125
fault_scope_comparison,f3d6caf4eee3b028,10,10,10,0,10,0,0,0.0,0.0,0.3084971078187607,,,5000,held_five_seconds,qmp_reset,none,,single_256_bytes,relaxed,ack_to_dispatch_s,10,5.000025,5.006591353999999,5.009113125,5.009113125
fault_scope_comparison,78d0ceb827fcd7b6,10,10,10,0,10,0,0,0.0,0.0,0.3084971078187607,1000,,2750,delayed_close_short_interval,sysrq_reboot,none,,single_256_bytes,relaxed,ack_to_dispatch_s,10,2.751034792,2.7565927290000003,2.759092584,2.759092584
fault_scope_comparison,7868c1df4bb0da9d,10,10,9,9,0,1,0,1.0,0.6637328831200571,1.0,,,15000,held_fifteen_seconds,browser_sigkill,none,,single_256_bytes,relaxed,ack_to_dispatch_s,9,15.00369275,15.004114083,15.009099125,15.009099125
fault_scope_comparison,674c2ced668aec00,10,10,10,10,0,0,0,1.0,0.6915028921812392,1.0,,,5000,held_five_seconds,browser_sigkill,none,,single_256_bytes,relaxed,ack_to_dispatch_s,10,5.001292833,5.009054146,5.009087041,5.009087041
fault_scope_comparison,d2127b7f118f5b0c,10,10,10,10,0,0,0,1.0,0.6915028921812392,1.0,1000,,2750,delayed_close_short_interval,browser_sigkill,none,,single_256_bytes,relaxed,ack_to_dispatch_s,10,2.750017209,2.7540821045,2.759076542,2.759076542
fault_scope_comparison,b8be1cf0cbc00b33,10,10,10,10,0,0,0,1.0,0.6915028921812392,1.0,0,,2500,immediate_close_late_deadline,browser_sigkill,none,,single_256_bytes,relaxed,ack_to_dispatch_s,10,2.500023042,2.5040969795,2.509098417,2.509098417
block_state_recovery,bf930292f6f01077,10,10,10,0,10,0,0,0.0,0.0,0.3084971078187607,,,5000,held_five_seconds,block_capture,dm_log_writes,,single_256_bytes,relaxed,ack_to_dispatch_s,10,5.000033542,5.00414975,5.009143625,5.009143625
block_state_recovery,1df820e35603dece,10,10,10,1,9,0,0,0.1,0.002528578544461784,0.4450161170281953,,,15000,held_fifteen_seconds,block_capture,linear_control,,single_256_bytes,relaxed,ack_to_dispatch_s,10,15.004073416,15.009073625,15.0090945,15.0090945
block_state_recovery,39d3eaa772958436,10,10,10,0,10,0,0,0.0,0.0,0.3084971078187607,1000,,2750,delayed_close_short_interval,block_capture,linear_control,,single_256_bytes,relaxed,ack_to_dispatch_s,10,2.752242667,2.759061271,2.759088542,2.759088542
block_state_recovery,9c944d541cf7ce42,10,10,10,2,8,0,0,0.2,0.025210726326833376,0.5560954623076415,,,15000,held_fifteen_seconds,block_capture,dm_log_writes,,single_256_bytes,relaxed,ack_to_dispatch_s,10,15.000082625,15.009110896,15.009166,15.009166
block_state_recovery,954d855a91707a6b,10,10,10,1,9,0,0,0.1,0.002528578544461784,0.4450161170281953,,,5000,held_five_seconds,block_capture,linear_control,,single_256_bytes,relaxed,ack_to_dispatch_s,10,5.004086125,5.009064583500001,5.009135167,5.009135167
block_state_recovery,d5c0df7b12e2d2df,10,10,10,10,0,0,0,1.0,0.6915028921812392,1.0,0,,2500,immediate_close_late_deadline,block_capture,linear_control,,single_256_bytes,relaxed,ack_to_dispatch_s,10,2.504083625,2.5090717500000004,2.509113791,2.509113791
block_state_recovery,cb3c57ac6b450dbb,10,10,10,0,10,0,0,0.0,0.0,0.3084971078187607,1000,,2750,delayed_close_short_interval,block_capture,dm_log_writes,,single_256_bytes,relaxed,ack_to_dispatch_s,10,2.750033458,2.756038271,2.759101833,2.759101833
block_state_recovery,d08f56347a1991bf,10,10,10,0,10,0,0,0.0,0.0,0.3084971078187607,0,,2500,immediate_close_late_deadline,block_capture,dm_flakey_drop_writes,,single_256_bytes,relaxed,ack_to_dispatch_s,10,2.504135083,2.5090978545000002,2.509259334,2.509259334
block_state_recovery,349e2c33ff568411,10,10,10,0,10,0,0,0.0,0.0,0.3084971078187607,,,5000,held_five_seconds,block_capture,dm_flakey_drop_writes,,single_256_bytes,relaxed,ack_to_dispatch_s,10,5.009076542,5.009132562,5.009174834,5.009174834
block_state_recovery,284649689e674716,10,10,10,10,0,0,0,1.0,0.6915028921812392,1.0,0,,2500,immediate_close_late_deadline,block_capture,dm_log_writes,,single_256_bytes,relaxed,ack_to_dispatch_s,10,2.504114584,2.5091323125000002,2.509161959,2.509161959
block_state_recovery,ee889483e3ca001c,10,10,10,0,10,0,0,0.0,0.0,0.3084971078187607,,,15000,held_fifteen_seconds,block_capture,dm_flakey_drop_writes,,single_256_bytes,relaxed,ack_to_dispatch_s,10,15.004126625,15.009115395999999,15.009179459,15.009179459
block_state_recovery,fecfb605e37a8768,10,10,10,0,10,0,0,0.0,0.0,0.3084971078187607,1000,,2750,delayed_close_short_interval,block_capture,dm_flakey_drop_writes,,single_256_bytes,relaxed,ack_to_dispatch_s,10,2.750502459,2.7556875,2.759089917,2.759089917
environment_sensitivity,88eb4ba29dc87134,10,10,10,0,10,0,0,0.0,0.0,0.3084971078187607,1000,,2750,delayed_close_short_interval,qmp_reset,none,xfs_fixed,single_256_bytes,relaxed,ack_to_dispatch_s,10,2.750633625,2.7541618330000004,2.759106959,2.759106959
environment_sensitivity,42c68dfab248bf37,10,10,10,10,0,0,0,1.0,0.6915028921812392,1.0,0,,2500,immediate_close_late_deadline,qmp_reset,none,ext4_custom_reference,single_256_bytes,relaxed,ack_to_dispatch_s,10,2.500196417,2.504106042,2.509077875,2.509077875
environment_sensitivity,90db06aa673922fc,10,10,10,0,10,0,0,0.0,0.0,0.3084971078187607,,,5000,held_five_seconds,qmp_reset,none,ext4_custom_reference,single_256_bytes,relaxed,ack_to_dispatch_s,10,5.00058875,5.004140375,5.009057375,5.009057375
environment_sensitivity,4fe3a3cd1522538f,10,10,10,0,10,0,0,0.0,0.0,0.3084971078187607,,,5000,held_five_seconds,qmp_reset,none,xfs_fixed,single_256_bytes,relaxed,ack_to_dispatch_s,10,5.000014834,5.004113542,5.009057417,5.009057417
environment_sensitivity,9ffce42ed67ae3b1,10,10,10,10,0,0,0,1.0,0.6915028921812392,1.0,0,,2500,immediate_close_late_deadline,qmp_reset,none,xfs_fixed,single_256_bytes,relaxed,ack_to_dispatch_s,10,2.500062791,2.5041275625,2.509090417,2.509090417
environment_sensitivity,a89cb1af25eb5768,10,10,10,10,0,0,0,1.0,0.6915028921812392,1.0,0,,2500,immediate_close_late_deadline,qmp_reset,none,ext4_defaults_fixed,single_256_bytes,relaxed,ack_to_dispatch_s,10,2.500017083,2.504086646,2.509096542,2.509096542
environment_sensitivity,aed619a2f4299039,10,10,10,1,9,0,0,0.1,0.002528578544461784,0.4450161170281953,,,15000,held_fifteen_seconds,qmp_reset,none,ext4_custom_reference,single_256_bytes,relaxed,ack_to_dispatch_s,10,15.000014584,15.002923562500001,15.009054542,15.009054542
environment_sensitivity,75fdc632cfcd7fd2,10,10,10,0,10,0,0,0.0,0.0,0.3084971078187607,1000,,2750,delayed_close_short_interval,qmp_reset,none,ext4_defaults_random,single_256_bytes,relaxed,ack_to_dispatch_s,10,2.750055792,2.753038625,2.757211125,2.757211125
environment_sensitivity,d002c3a16fb8a3d0,10,10,10,5,5,0,0,0.5,0.18708602844739852,0.8129139715526015,,,15000,held_fifteen_seconds,qmp_reset,none,xfs_fixed,single_256_bytes,relaxed,ack_to_dispatch_s,10,15.000064166,15.004976687500001,15.009070042,15.009070042
environment_sensitivity,3af0e82173fa335f,10,10,10,0,10,0,0,0.0,0.0,0.3084971078187607,1000,,2750,delayed_close_short_interval,qmp_reset,none,ext4_custom_reference,single_256_bytes,relaxed,ack_to_dispatch_s,10,2.750618209,2.754015792,2.759119584,2.759119584
environment_sensitivity,a188e62be07f0d11,10,10,10,6,4,0,0,0.6,0.262378076606945,0.8784477418801728,,,15000,held_fifteen_seconds,qmp_reset,none,ext4_defaults_random,single_256_bytes,relaxed,ack_to_dispatch_s,10,15.002800042,15.004142979000001,15.009163208,15.009163208
environment_sensitivity,3a7b0b661122ea11,10,10,10,10,0,0,0,1.0,0.6915028921812392,1.0,0,,2500,immediate_close_late_deadline,qmp_reset,none,ext4_defaults_random,single_256_bytes,relaxed,ack_to_dispatch_s,10,2.502414292,2.5043480000000002,2.509128,2.509128
environment_sensitivity,722ac347f9d8a028,10,10,10,0,10,0,0,0.0,0.0,0.3084971078187607,,,5000,held_five_seconds,qmp_reset,none,ext4_defaults_random,single_256_bytes,relaxed,ack_to_dispatch_s,10,5.00158475,5.005357458000001,5.009142042,5.009142042
environment_sensitivity,1db096deb8e2e9fe,10,10,10,8,2,0,0,0.8,0.4439045376923585,0.9747892736731667,,,15000,held_fifteen_seconds,qmp_reset,none,ext4_defaults_fixed,single_256_bytes,relaxed,ack_to_dispatch_s,10,15.000008709,15.004093604000001,15.009187625,15.009187625
environment_sensitivity,3e8863f38d0dd4cd,10,10,10,0,10,0,0,0.0,0.0,0.3084971078187607,1000,,2750,delayed_close_short_interval,qmp_reset,none,ext4_defaults_fixed,single_256_bytes,relaxed,ack_to_dispatch_s,10,2.750960292,2.7570004795000003,2.759090458,2.759090458
environment_sensitivity,84f51734d4b58c8c,10,10,10,0,10,0,0,0.0,0.0,0.3084971078187607,,,5000,held_five_seconds,qmp_reset,none,ext4_defaults_fixed,single_256_bytes,relaxed,ack_to_dispatch_s,10,5.000595334,5.004083917,5.009077958,5.009077958
application_and_background_activity,e702bb12726690d2,10,10,10,0,10,0,0,0.0,0.0,0.3084971078187607,1000,,2750,delayed_close_short_interval,qmp_reset,none,,four_connections,relaxed,ack_to_dispatch_s,10,2.750030333,2.7559908125,2.759110041,2.759110041
application_and_background_activity,109aaf0832cd4dcf,10,10,10,0,10,0,0,0.0,0.0,0.3084971078187607,,,5000,held_five_seconds,qmp_reset,none,,ten_records_one_transaction,relaxed,ack_to_dispatch_s,10,5.000007417,5.003413042,5.009096375,5.009096375
application_and_background_activity,2d83490ba09d7383,10,10,10,10,0,0,0,1.0,0.6915028921812392,1.0,0,,2500,immediate_close_late_deadline,qmp_reset,none,,single_256_bytes,relaxed,ack_to_dispatch_s,10,2.500010917,2.5090244165,2.50909575,2.50909575
application_and_background_activity,d83525e4398a7af7,10,10,10,1,9,0,0,0.1,0.002528578544461784,0.4450161170281953,,,15000,held_fifteen_seconds,qmp_reset,none,,four_connections,relaxed,ack_to_dispatch_s,10,15.001107958,15.0090151665,15.00914775,15.00914775
application_and_background_activity,72d4d7fb4a3ca154,10,10,10,0,10,0,0,0.0,0.0,0.3084971078187607,1000,,2750,delayed_close_short_interval,qmp_reset,none,,single_256_bytes,relaxed,ack_to_dispatch_s,10,2.750007084,2.756760271,2.759025083,2.759025083
application_and_background_activity,2f1855ecec02f2fc,10,10,10,0,10,0,0,0.0,0.0,0.3084971078187607,1000,,2750,delayed_close_short_interval,qmp_reset,none,,ten_records_one_transaction,relaxed,ack_to_dispatch_s,10,2.751914083,2.7590248744999997,2.759109875,2.759109875
application_and_background_activity,69a289c8397d59be,10,10,10,0,10,0,0,0.0,0.0,0.3084971078187607,,,5000,held_five_seconds,qmp_reset,none,,four_connections,relaxed,ack_to_dispatch_s,10,5.000714,5.0072892079999995,5.00911275,5.00911275
application_and_background_activity,d7b012594ed6e8fe,10,10,10,3,7,0,0,0.3,0.06673951117773447,0.6524528500599973,,,15000,held_fifteen_seconds,qmp_reset,none,,single_256_bytes,relaxed,ack_to_dispatch_s,10,15.001454459,15.004796583000001,15.009087375,15.009087375
application_and_background_activity,bc179531b2b52af5,10,10,10,10,0,0,0,1.0,0.6915028921812392,1.0,0,,2500,immediate_close_late_deadline,qmp_reset,none,,ten_records_one_transaction,relaxed,ack_to_dispatch_s,10,2.500007583,2.5032624585,2.509108084,2.509108084
application_and_background_activity,bed51e272f0f039f,10,10,10,0,10,0,0,0.0,0.0,0.3084971078187607,,,5000,held_five_seconds,qmp_reset,none,,background_fsync,relaxed,ack_to_dispatch_s,10,5.000005041,5.0046874585,5.009075625,5.009075625
application_and_background_activity,06cbbd6f034f4474,10,10,10,4,6,0,0,0.4,0.12155225811982717,0.737621923393055,,,15000,held_fifteen_seconds,qmp_reset,none,,ten_records_one_transaction,relaxed,ack_to_dispatch_s,10,15.000545042,15.008573854000002,15.00908275,15.00908275
application_and_background_activity,79590ecc606990fe,10,10,10,10,0,0,0,1.0,0.6915028921812392,1.0,0,,2500,immediate_close_late_deadline,qmp_reset,none,,background_fsync,relaxed,ack_to_dispatch_s,10,2.502092625,2.507061125,2.509072208,2.509072208
application_and_background_activity,d1450ff9e4872392,10,10,10,0,10,0,0,0.0,0.0,0.3084971078187607,1000,,2750,delayed_close_short_interval,qmp_reset,none,,background_fsync,relaxed,ack_to_dispatch_s,10,2.750011458,2.7550247084999997,2.759021333,2.759021333
application_and_background_activity,c1011955fe2134e4,10,10,10,4,6,0,0,0.4,0.12155225811982717,0.737621923393055,,,15000,held_fifteen_seconds,qmp_reset,none,,background_fsync,relaxed,ack_to_dispatch_s,10,15.00016125,15.0056170005,15.009059708,15.009059708
application_and_background_activity,f3d6caf4eee3b028,10,10,10,0,10,0,0,0.0,0.0,0.3084971078187607,,,5000,held_five_seconds,qmp_reset,none,,single_256_bytes,relaxed,ack_to_dispatch_s,10,5.000813125,5.004350687500001,5.008879417,5.008879417
application_and_background_activity,6437aaaa1bd1a5e0,10,10,10,0,10,0,0,0.0,0.0,0.3084971078187607,0,,2500,immediate_close_late_deadline,qmp_reset,none,,four_connections,relaxed,ack_to_dispatch_s,10,2.500008583,2.504072271,2.509111833,2.509111833
