trial_id,family,block,endpoint,eligible,ACK,reasons
scientific-application_and_background_activity-00001,application_and_background_activity,1,lost,True,True,[]
scientific-application_and_background_activity-00002,application_and_background_activity,1,lost,True,True,[]
scientific-application_and_background_activity-00003,application_and_background_activity,1,recovered,True,True,[]
scientific-application_and_background_activity-00004,application_and_background_activity,1,lost,True,True,[]
scientific-application_and_background_activity-00005,application_and_background_activity,1,lost,True,True,[]
scientific-application_and_background_activity-00006,application_and_background_activity,1,lost,True,True,[]
scientific-application_and_background_activity-00007,application_and_background_activity,1,lost,True,True,[]
scientific-application_and_background_activity-00008,application_and_background_activity,1,lost,True,True,[]
scientific-application_and_background_activity-00009,application_and_background_activity,1,recovered,True,True,[]
scientific-application_and_background_activity-00010,application_and_background_activity,1,lost,True,True,[]
scientific-application_and_background_activity-00011,application_and_background_activity,1,recovered,True,True,[]
scientific-application_and_background_activity-00012,application_and_background_activity,1,recovered,True,True,[]
scientific-application_and_background_activity-00013,application_and_background_activity,1,lost,True,True,[]
scientific-application_and_background_activity-00014,application_and_background_activity,1,lost,True,True,[]
scientific-application_and_background_activity-00015,application_and_background_activity,1,lost,True,True,[]
scientific-application_and_background_activity-00016,application_and_background_activity,1,lost,True,True,[]
scientific-application_and_background_activity-00017,application_and_background_activity,2,recovered,True,True,[]
scientific-application_and_background_activity-00018,application_and_background_activity,2,lost,True,True,[]
scientific-application_and_background_activity-00019,application_and_background_activity,2,lost,True,True,[]
scientific-application_and_background_activity-00020,application_and_background_activity,2,recovered,True,True,[]
scientific-application_and_background_activity-00021,application_and_background_activity,2,lost,True,True,[]
scientific-application_and_background_activity-00022,application_and_background_activity,2,recovered,True,True,[]
scientific-application_and_background_activity-00023,application_and_background_activity,2,lost,True,True,[]
scientific-application_and_background_activity-00024,application_and_background_activity,2,lost,True,True,[]
scientific-application_and_background_activity-00025,application_and_background_activity,2,lost,True,True,[]
scientific-application_and_background_activity-00026,application_and_background_activity,2,lost,True,True,[]
scientific-application_and_background_activity-00027,application_and_background_activity,2,recovered,True,True,[]
scientific-application_and_background_activity-00028,application_and_background_activity,2,lost,True,True,[]
scientific-application_and_background_activity-00029,application_and_background_activity,2,lost,True,True,[]
scientific-application_and_background_activity-00030,application_and_background_activity,2,lost,True,True,[]
scientific-application_and_background_activity-00031,application_and_background_activity,2,lost,True,True,[]
scientific-application_and_background_activity-00032,application_and_background_activity,2,lost,True,True,[]
scientific-application_and_background_activity-00033,application_and_background_activity,3,lost,True,True,[]
scientific-application_and_background_activity-00034,application_and_background_activity,3,lost,True,True,[]
scientific-application_and_background_activity-00035,application_and_background_activity,3,lost,True,True,[]
scientific-application_and_background_activity-00036,application_and_background_activity,3,recovered,True,True,[]
scientific-application_and_background_activity-00037,application_and_background_activity,3,recovered,True,True,[]
scientific-application_and_background_activity-00038,application_and_background_activity,3,lost,True,True,[]
scientific-application_and_background_activity-00039,application_and_background_activity,3,lost,True,True,[]
scientific-application_and_background_activity-00040,application_and_background_activity,3,lost,True,True,[]
scientific-application_and_background_activity-00041,application_and_background_activity,3,recovered,True,True,[]
scientific-application_and_background_activity-00042,application_and_background_activity,3,lost,True,True,[]
scientific-application_and_background_activity-00043,application_and_background_activity,3,lost,True,True,[]
scientific-application_and_background_activity-00044,application_and_background_activity,3,recovered,True,True,[]
scientific-application_and_background_activity-00045,application_and_background_activity,3,lost,True,True,[]
scientific-application_and_background_activity-00046,application_and_background_activity,3,lost,True,True,[]
scientific-application_and_background_activity-00047,application_and_background_activity,3,lost,True,True,[]
scientific-application_and_background_activity-00048,application_and_background_activity,3,lost,True,True,[]
scientific-application_and_background_activity-00049,application_and_background_activity,4,recovered,True,True,[]
scientific-application_and_background_activity-00050,application_and_background_activity,4,recovered,True,True,[]
scientific-application_and_background_activity-00051,application_and_background_activity,4,lost,True,True,[]
scientific-application_and_background_activity-00052,application_and_background_activity,4,lost,True,True,[]
scientific-application_and_background_activity-00053,application_and_background_activity,4,recovered,True,True,[]
scientific-application_and_background_activity-00054,application_and_background_activity,4,lost,True,True,[]
scientific-application_and_background_activity-00055,application_and_background_activity,4,lost,True,True,[]
scientific-application_and_background_activity-00056,application_and_background_activity,4,recovered,True,True,[]
scientific-application_and_background_activity-00057,application_and_background_activity,4,lost,True,True,[]
scientific-application_and_background_activity-00058,application_and_background_activity,4,lost,True,True,[]
scientific-application_and_background_activity-00059,application_and_background_activity,4,lost,True,True,[]
scientific-application_and_background_activity-00060,application_and_background_activity,4,recovered,True,True,[]
scientific-application_and_background_activity-00061,application_and_background_activity,4,lost,True,True,[]
scientific-application_and_background_activity-00062,application_and_background_activity,4,lost,True,True,[]
scientific-application_and_background_activity-00063,application_and_background_activity,4,lost,True,True,[]
scientific-application_and_background_activity-00064,application_and_background_activity,4,lost,True,True,[]
scientific-application_and_background_activity-00065,application_and_background_activity,5,lost,True,True,[]
scientific-application_and_background_activity-00066,application_and_background_activity,5,recovered,True,True,[]
scientific-application_and_background_activity-00067,application_and_background_activity,5,recovered,True,True,[]
scientific-application_and_background_activity-00068,application_and_background_activity,5,lost,True,True,[]
scientific-application_and_background_activity-00069,application_and_background_activity,5,lost,True,True,[]
scientific-application_and_background_activity-00070,application_and_background_activity,5,recovered,True,True,[]
scientific-application_and_background_activity-00071,application_and_background_activity,5,lost,True,True,[]
scientific-application_and_background_activity-00072,application_and_background_activity,5,lost,True,True,[]
scientific-application_and_background_activity-00073,application_and_background_activity,5,lost,True,True,[]
scientific-application_and_background_activity-00074,application_and_background_activity,5,lost,True,True,[]
scientific-application_and_background_activity-00075,application_and_background_activity,5,lost,True,True,[]
scientific-application_and_background_activity-00076,application_and_background_activity,5,lost,True,True,[]
scientific-application_and_background_activity-00077,application_and_background_activity,5,lost,True,True,[]
scientific-application_and_background_activity-00078,application_and_background_activity,5,lost,True,True,[]
scientific-application_and_background_activity-00079,application_and_background_activity,5,lost,True,True,[]
scientific-application_and_background_activity-00080,application_and_background_activity,5,lost,True,True,[]
scientific-application_and_background_activity-00081,application_and_background_activity,6,lost,True,True,[]
scientific-application_and_background_activity-00082,application_and_background_activity,6,lost,True,True,[]
scientific-application_and_background_activity-00083,application_and_background_activity,6,recovered,True,True,[]
scientific-application_and_background_activity-00084,application_and_background_activity,6,lost,True,True,[]
scientific-application_and_background_activity-00085,application_and_background_activity,6,lost,True,True,[]
scientific-application_and_background_activity-00086,application_and_background_activity,6,recovered,True,True,[]
scientific-application_and_background_activity-00087,application_and_background_activity,6,lost,True,True,[]
scientific-application_and_background_activity-00088,application_and_background_activity,6,lost,True,True,[]
scientific-application_and_background_activity-00089,application_and_background_activity,6,lost,True,True,[]
scientific-application_and_background_activity-00090,application_and_background_activity,6,recovered,True,True,[]
scientific-application_and_background_activity-00091,application_and_background_activity,6,lost,True,True,[]
scientific-application_and_background_activity-00092,application_and_background_activity,6,recovered,True,True,[]
scientific-application_and_background_activity-00093,application_and_background_activity,6,lost,True,True,[]
scientific-application_and_background_activity-00094,application_and_background_activity,6,lost,True,True,[]
scientific-application_and_background_activity-00095,application_and_background_activity,6,lost,True,True,[]
scientific-application_and_background_activity-00096,application_and_background_activity,6,lost,True,True,[]
scientific-application_and_background_activity-00097,application_and_background_activity,7,lost,True,True,[]
scientific-application_and_background_activity-00098,application_and_background_activity,7,lost,True,True,[]
scientific-application_and_background_activity-00099,application_and_background_activity,7,lost,True,True,[]
scientific-application_and_background_activity-00100,application_and_background_activity,7,lost,True,True,[]
scientific-application_and_background_activity-00101,application_and_background_activity,7,lost,True,True,[]
scientific-application_and_background_activity-00102,application_and_background_activity,7,lost,True,True,[]
scientific-application_and_background_activity-00103,application_and_background_activity,7,lost,True,True,[]
scientific-application_and_background_activity-00104,application_and_background_activity,7,lost,True,True,[]
scientific-application_and_background_activity-00105,application_and_background_activity,7,recovered,True,True,[]
scientific-application_and_background_activity-00106,application_and_background_activity,7,recovered,True,True,[]
scientific-application_and_background_activity-00107,application_and_background_activity,7,lost,True,True,[]
scientific-application_and_background_activity-00108,application_and_background_activity,7,lost,True,True,[]
scientific-application_and_background_activity-00109,application_and_background_activity,7,lost,True,True,[]
scientific-application_and_background_activity-00110,application_and_background_activity,7,lost,True,True,[]
scientific-application_and_background_activity-00111,application_and_background_activity,7,lost,True,True,[]
scientific-application_and_background_activity-00112,application_and_background_activity,7,recovered,True,True,[]
scientific-application_and_background_activity-00113,application_and_background_activity,8,recovered,True,True,[]
scientific-application_and_background_activity-00114,application_and_background_activity,8,lost,True,True,[]
scientific-application_and_background_activity-00115,application_and_background_activity,8,lost,True,True,[]
scientific-application_and_background_activity-00116,application_and_background_activity,8,recovered,True,True,[]
scientific-application_and_background_activity-00117,application_and_background_activity,8,lost,True,True,[]
scientific-application_and_background_activity-00118,application_and_background_activity,8,lost,True,True,[]
scientific-application_and_background_activity-00119,application_and_background_activity,8,recovered,True,True,[]
scientific-application_and_background_activity-00120,application_and_background_activity,8,lost,True,True,[]
scientific-application_and_background_activity-00121,application_and_background_activity,8,recovered,True,True,[]
scientific-application_and_background_activity-00122,application_and_background_activity,8,lost,True,True,[]
scientific-application_and_background_activity-00123,application_and_background_activity,8,lost,True,True,[]
scientific-application_and_background_activity-00124,application_and_background_activity,8,recovered,True,True,[]
scientific-application_and_background_activity-00125,application_and_background_activity,8,recovered,True,True,[]
scientific-application_and_background_activity-00126,application_and_background_activity,8,lost,True,True,[]
scientific-application_and_background_activity-00127,application_and_background_activity,8,lost,True,True,[]
scientific-application_and_background_activity-00128,application_and_background_activity,8,lost,True,True,[]
scientific-application_and_background_activity-00129,application_and_background_activity,9,lost,True,True,[]
scientific-application_and_background_activity-00130,application_and_background_activity,9,recovered,True,True,[]
scientific-application_and_background_activity-00131,application_and_background_activity,9,lost,True,True,[]
scientific-application_and_background_activity-00132,application_and_background_activity,9,lost,True,True,[]
scientific-application_and_background_activity-00133,application_and_background_activity,9,recovered,True,True,[]
scientific-application_and_background_activity-00134,application_and_background_activity,9,lost,True,True,[]
scientific-application_and_background_activity-00135,application_and_background_activity,9,lost,True,True,[]
scientific-application_and_background_activity-00136,application_and_background_activity,9,recovered,True,True,[]
scientific-application_and_background_activity-00137,application_and_background_activity,9,lost,True,True,[]
scientific-application_and_background_activity-00138,application_and_background_activity,9,lost,True,True,[]
scientific-application_and_background_activity-00139,application_and_background_activity,9,lost,True,True,[]
scientific-application_and_background_activity-00140,application_and_background_activity,9,lost,True,True,[]
scientific-application_and_background_activity-00141,application_and_background_activity,9,lost,True,True,[]
scientific-application_and_background_activity-00142,application_and_background_activity,9,lost,True,True,[]
scientific-application_and_background_activity-00143,application_and_background_activity,9,lost,True,True,[]
scientific-application_and_background_activity-00144,application_and_background_activity,9,recovered,True,True,[]
scientific-application_and_background_activity-00145,application_and_background_activity,10,recovered,True,True,[]
scientific-application_and_background_activity-00146,application_and_background_activity,10,lost,True,True,[]
scientific-application_and_background_activity-00147,application_and_background_activity,10,lost,True,True,[]
scientific-application_and_background_activity-00148,application_and_background_activity,10,recovered,True,True,[]
scientific-application_and_background_activity-00149,application_and_background_activity,10,recovered,True,True,[]
scientific-application_and_background_activity-00150,application_and_background_activity,10,lost,True,True,[]
scientific-application_and_background_activity-00151,application_and_background_activity,10,lost,True,True,[]
scientific-application_and_background_activity-00152,application_and_background_activity,10,lost,True,True,[]
scientific-application_and_background_activity-00153,application_and_background_activity,10,lost,True,True,[]
scientific-application_and_background_activity-00154,application_and_background_activity,10,lost,True,True,[]
scientific-application_and_background_activity-00155,application_and_background_activity,10,lost,True,True,[]
scientific-application_and_background_activity-00156,application_and_background_activity,10,recovered,True,True,[]
scientific-application_and_background_activity-00157,application_and_background_activity,10,lost,True,True,[]
scientific-application_and_background_activity-00158,application_and_background_activity,10,recovered,True,True,[]
scientific-application_and_background_activity-00159,application_and_background_activity,10,lost,True,True,[]
scientific-application_and_background_activity-00160,application_and_background_activity,10,lost,True,True,[]
scientific-block_state_recovery-00001,block_state_recovery,1,lost,True,True,[]
scientific-block_state_recovery-00002,block_state_recovery,1,lost,True,True,[]
scientific-block_state_recovery-00003,block_state_recovery,1,lost,True,True,[]
scientific-block_state_recovery-00004,block_state_recovery,1,recovered,True,True,[]
scientific-block_state_recovery-00005,block_state_recovery,1,lost,True,True,[]
scientific-block_state_recovery-00006,block_state_recovery,1,recovered,True,True,[]
scientific-block_state_recovery-00007,block_state_recovery,1,lost,True,True,[]
scientific-block_state_recovery-00008,block_state_recovery,1,lost,True,True,[]
scientific-block_state_recovery-00009,block_state_recovery,1,lost,True,True,[]
scientific-block_state_recovery-00010,block_state_recovery,1,recovered,True,True,[]
scientific-block_state_recovery-00011,block_state_recovery,1,lost,True,True,[]
scientific-block_state_recovery-00012,block_state_recovery,1,lost,True,True,[]
scientific-block_state_recovery-00013,block_state_recovery,2,recovered,True,True,[]
scientific-block_state_recovery-00014,block_state_recovery,2,recovered,True,True,[]
scientific-block_state_recovery-00015,block_state_recovery,2,lost,True,True,[]
scientific-block_state_recovery-00016,block_state_recovery,2,lost,True,True,[]
scientific-block_state_recovery-00017,block_state_recovery,2,lost,True,True,[]
scientific-block_state_recovery-00018,block_state_recovery,2,recovered,True,True,[]
scientific-block_state_recovery-00019,block_state_recovery,2,lost,True,True,[]
scientific-block_state_recovery-00020,block_state_recovery,2,lost,True,True,[]
scientific-block_state_recovery-00021,block_state_recovery,2,lost,True,True,[]
scientific-block_state_recovery-00022,block_state_recovery,2,lost,True,True,[]
scientific-block_state_recovery-00023,block_state_recovery,2,lost,True,True,[]
scientific-block_state_recovery-00024,block_state_recovery,2,recovered,True,True,[]
scientific-block_state_recovery-00025,block_state_recovery,3,recovered,True,True,[]
scientific-block_state_recovery-00026,block_state_recovery,3,recovered,True,True,[]
scientific-block_state_recovery-00027,block_state_recovery,3,lost,True,True,[]
scientific-block_state_recovery-00028,block_state_recovery,3,lost,True,True,[]
scientific-block_state_recovery-00029,block_state_recovery,3,lost,True,True,[]
scientific-block_state_recovery-00030,block_state_recovery,3,lost,True,True,[]
scientific-block_state_recovery-00031,block_state_recovery,3,lost,True,True,[]
scientific-block_state_recovery-00032,block_state_recovery,3,lost,True,True,[]
scientific-block_state_recovery-00033,block_state_recovery,3,lost,True,True,[]
scientific-block_state_recovery-00034,block_state_recovery,3,lost,True,True,[]
scientific-block_state_recovery-00035,block_state_recovery,3,lost,True,True,[]
scientific-block_state_recovery-00036,block_state_recovery,3,lost,True,True,[]
scientific-block_state_recovery-00037,block_state_recovery,4,lost,True,True,[]
scientific-block_state_recovery-00038,block_state_recovery,4,lost,True,True,[]
scientific-block_state_recovery-00039,block_state_recovery,4,lost,True,True,[]
scientific-block_state_recovery-00040,block_state_recovery,4,lost,True,True,[]
scientific-block_state_recovery-00041,block_state_recovery,4,lost,True,True,[]
scientific-block_state_recovery-00042,block_state_recovery,4,lost,True,True,[]
scientific-block_state_recovery-00043,block_state_recovery,4,lost,True,True,[]
scientific-block_state_recovery-00044,block_state_recovery,4,recovered,True,True,[]
scientific-block_state_recovery-00045,block_state_recovery,4,lost,True,True,[]
scientific-block_state_recovery-00046,block_state_recovery,4,recovered,True,True,[]
scientific-block_state_recovery-00047,block_state_recovery,4,lost,True,True,[]
scientific-block_state_recovery-00048,block_state_recovery,4,lost,True,True,[]
scientific-block_state_recovery-00049,block_state_recovery,5,lost,True,True,[]
scientific-block_state_recovery-00050,block_state_recovery,5,lost,True,True,[]
scientific-block_state_recovery-00051,block_state_recovery,5,lost,True,True,[]
scientific-block_state_recovery-00052,block_state_recovery,5,lost,True,True,[]
scientific-block_state_recovery-00053,block_state_recovery,5,lost,True,True,[]
scientific-block_state_recovery-00054,block_state_recovery,5,lost,True,True,[]
scientific-block_state_recovery-00055,block_state_recovery,5,lost,True,True,[]
scientific-block_state_recovery-00056,block_state_recovery,5,lost,True,True,[]
scientific-block_state_recovery-00057,block_state_recovery,5,recovered,True,True,[]
scientific-block_state_recovery-00058,block_state_recovery,5,lost,True,True,[]
scientific-block_state_recovery-00059,block_state_recovery,5,recovered,True,True,[]
scientific-block_state_recovery-00060,block_state_recovery,5,lost,True,True,[]
scientific-block_state_recovery-00061,block_state_recovery,6,lost,True,True,[]
scientific-block_state_recovery-00062,block_state_recovery,6,lost,True,True,[]
scientific-block_state_recovery-00063,block_state_recovery,6,lost,True,True,[]
scientific-block_state_recovery-00064,block_state_recovery,6,lost,True,True,[]
scientific-block_state_recovery-00065,block_state_recovery,6,lost,True,True,[]
scientific-block_state_recovery-00066,block_state_recovery,6,recovered,True,True,[]
scientific-block_state_recovery-00067,block_state_recovery,6,lost,True,True,[]
scientific-block_state_recovery-00068,block_state_recovery,6,lost,True,True,[]
scientific-block_state_recovery-00069,block_state_recovery,6,lost,True,True,[]
scientific-block_state_recovery-00070,block_state_recovery,6,lost,True,True,[]
scientific-block_state_recovery-00071,block_state_recovery,6,recovered,True,True,[]
scientific-block_state_recovery-00072,block_state_recovery,6,lost,True,True,[]
scientific-block_state_recovery-00073,block_state_recovery,7,lost,True,True,[]
scientific-block_state_recovery-00074,block_state_recovery,7,recovered,True,True,[]
scientific-block_state_recovery-00075,block_state_recovery,7,recovered,True,True,[]
scientific-block_state_recovery-00076,block_state_recovery,7,lost,True,True,[]
scientific-block_state_recovery-00077,block_state_recovery,7,lost,True,True,[]
scientific-block_state_recovery-00078,block_state_recovery,7,lost,True,True,[]
scientific-block_state_recovery-00079,block_state_recovery,7,lost,True,True,[]
scientific-block_state_recovery-00080,block_state_recovery,7,lost,True,True,[]
scientific-block_state_recovery-00081,block_state_recovery,7,lost,True,True,[]
scientific-block_state_recovery-00082,block_state_recovery,7,lost,True,True,[]
scientific-block_state_recovery-00083,block_state_recovery,7,lost,True,True,[]
scientific-block_state_recovery-00084,block_state_recovery,7,lost,True,True,[]
scientific-block_state_recovery-00085,block_state_recovery,8,recovered,True,True,[]
scientific-block_state_recovery-00086,block_state_recovery,8,lost,True,True,[]
scientific-block_state_recovery-00087,block_state_recovery,8,lost,True,True,[]
scientific-block_state_recovery-00088,block_state_recovery,8,lost,True,True,[]
scientific-block_state_recovery-00089,block_state_recovery,8,lost,True,True,[]
scientific-block_state_recovery-00090,block_state_recovery,8,lost,True,True,[]
scientific-block_state_recovery-00091,block_state_recovery,8,lost,True,True,[]
scientific-block_state_recovery-00092,block_state_recovery,8,recovered,True,True,[]
scientific-block_state_recovery-00093,block_state_recovery,8,lost,True,True,[]
scientific-block_state_recovery-00094,block_state_recovery,8,lost,True,True,[]
scientific-block_state_recovery-00095,block_state_recovery,8,lost,True,True,[]
scientific-block_state_recovery-00096,block_state_recovery,8,lost,True,True,[]
scientific-block_state_recovery-00097,block_state_recovery,9,recovered,True,True,[]
scientific-block_state_recovery-00098,block_state_recovery,9,lost,True,True,[]
scientific-block_state_recovery-00099,block_state_recovery,9,lost,True,True,[]
scientific-block_state_recovery-00100,block_state_recovery,9,lost,True,True,[]
scientific-block_state_recovery-00101,block_state_recovery,9,recovered,True,True,[]
scientific-block_state_recovery-00102,block_state_recovery,9,lost,True,True,[]
scientific-block_state_recovery-00103,block_state_recovery,9,lost,True,True,[]
scientific-block_state_recovery-00104,block_state_recovery,9,lost,True,True,[]
scientific-block_state_recovery-00105,block_state_recovery,9,lost,True,True,[]
scientific-block_state_recovery-00106,block_state_recovery,9,lost,True,True,[]
scientific-block_state_recovery-00107,block_state_recovery,9,recovered,True,True,[]
scientific-block_state_recovery-00108,block_state_recovery,9,lost,True,True,[]
scientific-block_state_recovery-00109,block_state_recovery,10,lost,True,True,[]
scientific-block_state_recovery-00110,block_state_recovery,10,lost,True,True,[]
scientific-block_state_recovery-00111,block_state_recovery,10,lost,True,True,[]
scientific-block_state_recovery-00112,block_state_recovery,10,lost,True,True,[]
scientific-block_state_recovery-00113,block_state_recovery,10,lost,True,True,[]
scientific-block_state_recovery-00114,block_state_recovery,10,lost,True,True,[]
scientific-block_state_recovery-00115,block_state_recovery,10,lost,True,True,[]
scientific-block_state_recovery-00116,block_state_recovery,10,lost,True,True,[]
scientific-block_state_recovery-00117,block_state_recovery,10,lost,True,True,[]
scientific-block_state_recovery-00118,block_state_recovery,10,recovered,True,True,[]
scientific-block_state_recovery-00119,block_state_recovery,10,recovered,True,True,[]
scientific-block_state_recovery-00120,block_state_recovery,10,lost,True,True,[]
scientific-close_aligned_recovery_grid-00001,close_aligned_recovery_grid,1,lost,True,True,[]
scientific-close_aligned_recovery_grid-00002,close_aligned_recovery_grid,1,recovered,True,True,[]
scientific-close_aligned_recovery_grid-00003,close_aligned_recovery_grid,1,recovered,True,True,[]
scientific-close_aligned_recovery_grid-00004,close_aligned_recovery_grid,1,lost,True,True,[]
scientific-close_aligned_recovery_grid-00005,close_aligned_recovery_grid,1,lost,True,True,[]
scientific-close_aligned_recovery_grid-00006,close_aligned_recovery_grid,1,recovered,True,True,[]
scientific-close_aligned_recovery_grid-00007,close_aligned_recovery_grid,1,recovered,True,True,[]
scientific-close_aligned_recovery_grid-00008,close_aligned_recovery_grid,1,recovered,True,True,[]
scientific-close_aligned_recovery_grid-00009,close_aligned_recovery_grid,1,lost,True,True,[]
scientific-close_aligned_recovery_grid-00010,close_aligned_recovery_grid,1,lost,True,True,[]
scientific-close_aligned_recovery_grid-00011,close_aligned_recovery_grid,1,recovered,True,True,[]
scientific-close_aligned_recovery_grid-00012,close_aligned_recovery_grid,1,lost,True,True,[]
scientific-close_aligned_recovery_grid-00013,close_aligned_recovery_grid,1,lost,True,True,[]
scientific-close_aligned_recovery_grid-00014,close_aligned_recovery_grid,1,lost,True,True,[]
scientific-close_aligned_recovery_grid-00015,close_aligned_recovery_grid,1,recovered,True,True,[]
scientific-close_aligned_recovery_grid-00016,close_aligned_recovery_grid,1,recovered,True,True,[]
scientific-close_aligned_recovery_grid-00017,close_aligned_recovery_grid,1,lost,True,True,[]
scientific-close_aligned_recovery_grid-00018,close_aligned_recovery_grid,1,lost,True,True,[]
scientific-close_aligned_recovery_grid-00019,close_aligned_recovery_grid,2,lost,True,True,[]
scientific-close_aligned_recovery_grid-00020,close_aligned_recovery_grid,2,recovered,True,True,[]
scientific-close_aligned_recovery_grid-00021,close_aligned_recovery_grid,2,lost,True,True,[]
scientific-close_aligned_recovery_grid-00022,close_aligned_recovery_grid,2,recovered,True,True,[]
scientific-close_aligned_recovery_grid-00023,close_aligned_recovery_grid,2,recovered,True,True,[]
scientific-close_aligned_recovery_grid-00024,close_aligned_recovery_grid,2,lost,True,True,[]
scientific-close_aligned_recovery_grid-00025,close_aligned_recovery_grid,2,recovered,True,True,[]
scientific-close_aligned_recovery_grid-00026,close_aligned_recovery_grid,2,recovered,True,True,[]
scientific-close_aligned_recovery_grid-00027,close_aligned_recovery_grid,2,lost,True,True,[]
scientific-close_aligned_recovery_grid-00028,close_aligned_recovery_grid,2,recovered,True,True,[]
scientific-close_aligned_recovery_grid-00029,close_aligned_recovery_grid,2,lost,True,True,[]
scientific-close_aligned_recovery_grid-00030,close_aligned_recovery_grid,2,lost,True,True,[]
scientific-close_aligned_recovery_grid-00031,close_aligned_recovery_grid,2,lost,True,True,[]
scientific-close_aligned_recovery_grid-00032,close_aligned_recovery_grid,2,recovered,True,True,[]
scientific-close_aligned_recovery_grid-00033,close_aligned_recovery_grid,2,lost,True,True,[]
scientific-close_aligned_recovery_grid-00034,close_aligned_recovery_grid,2,lost,True,True,[]
scientific-close_aligned_recovery_grid-00035,close_aligned_recovery_grid,2,recovered,True,True,[]
scientific-close_aligned_recovery_grid-00036,close_aligned_recovery_grid,2,lost,True,True,[]
scientific-close_aligned_recovery_grid-00037,close_aligned_recovery_grid,3,recovered,True,True,[]
scientific-close_aligned_recovery_grid-00038,close_aligned_recovery_grid,3,lost,True,True,[]
scientific-close_aligned_recovery_grid-00039,close_aligned_recovery_grid,3,recovered,True,True,[]
scientific-close_aligned_recovery_grid-00040,close_aligned_recovery_grid,3,recovered,True,True,[]
scientific-close_aligned_recovery_grid-00041,close_aligned_recovery_grid,3,recovered,True,True,[]
scientific-close_aligned_recovery_grid-00042,close_aligned_recovery_grid,3,lost,True,True,[]
scientific-close_aligned_recovery_grid-00043,close_aligned_recovery_grid,3,lost,True,True,[]
scientific-close_aligned_recovery_grid-00044,close_aligned_recovery_grid,3,lost,True,True,[]
scientific-close_aligned_recovery_grid-00045,close_aligned_recovery_grid,3,recovered,True,True,[]
scientific-close_aligned_recovery_grid-00046,close_aligned_recovery_grid,3,lost,True,True,[]
scientific-close_aligned_recovery_grid-00047,close_aligned_recovery_grid,3,lost,True,True,[]
scientific-close_aligned_recovery_grid-00048,close_aligned_recovery_grid,3,lost,True,True,[]
scientific-close_aligned_recovery_grid-00049,close_aligned_recovery_grid,3,lost,True,True,[]
scientific-close_aligned_recovery_grid-00050,close_aligned_recovery_grid,3,recovered,True,True,[]
scientific-close_aligned_recovery_grid-00051,close_aligned_recovery_grid,3,recovered,True,True,[]
scientific-close_aligned_recovery_grid-00052,close_aligned_recovery_grid,3,lost,True,True,[]
scientific-close_aligned_recovery_grid-00053,close_aligned_recovery_grid,3,lost,True,True,[]
scientific-close_aligned_recovery_grid-00054,close_aligned_recovery_grid,3,recovered,True,True,[]
scientific-close_aligned_recovery_grid-00055,close_aligned_recovery_grid,4,recovered,True,True,[]
scientific-close_aligned_recovery_grid-00056,close_aligned_recovery_grid,4,recovered,True,True,[]
scientific-close_aligned_recovery_grid-00057,close_aligned_recovery_grid,4,lost,True,True,[]
scientific-close_aligned_recovery_grid-00058,close_aligned_recovery_grid,4,recovered,True,True,[]
scientific-close_aligned_recovery_grid-00059,close_aligned_recovery_grid,4,lost,True,True,[]
scientific-close_aligned_recovery_grid-00060,close_aligned_recovery_grid,4,recovered,True,True,[]
scientific-close_aligned_recovery_grid-00061,close_aligned_recovery_grid,4,recovered,True,True,[]
scientific-close_aligned_recovery_grid-00062,close_aligned_recovery_grid,4,lost,True,True,[]
scientific-close_aligned_recovery_grid-00063,close_aligned_recovery_grid,4,recovered,True,True,[]
scientific-close_aligned_recovery_grid-00064,close_aligned_recovery_grid,4,recovered,True,True,[]
scientific-close_aligned_recovery_grid-00065,close_aligned_recovery_grid,4,lost,True,True,[]
scientific-close_aligned_recovery_grid-00066,close_aligned_recovery_grid,4,lost,True,True,[]
scientific-close_aligned_recovery_grid-00067,close_aligned_recovery_grid,4,recovered,True,True,[]
scientific-close_aligned_recovery_grid-00068,close_aligned_recovery_grid,4,lost,True,True,[]
scientific-close_aligned_recovery_grid-00069,close_aligned_recovery_grid,4,lost,True,True,[]
scientific-close_aligned_recovery_grid-00070,close_aligned_recovery_grid,4,lost,True,True,[]
scientific-close_aligned_recovery_grid-00071,close_aligned_recovery_grid,4,recovered,True,True,[]
scientific-close_aligned_recovery_grid-00072,close_aligned_recovery_grid,4,lost,True,True,[]
scientific-close_aligned_recovery_grid-00073,close_aligned_recovery_grid,5,recovered,True,True,[]
scientific-close_aligned_recovery_grid-00074,close_aligned_recovery_grid,5,lost,True,True,[]
scientific-close_aligned_recovery_grid-00075,close_aligned_recovery_grid,5,recovered,True,True,[]
scientific-close_aligned_recovery_grid-00076,close_aligned_recovery_grid,5,lost,True,True,[]
scientific-close_aligned_recovery_grid-00077,close_aligned_recovery_grid,5,recovered,True,True,[]
scientific-close_aligned_recovery_grid-00078,close_aligned_recovery_grid,5,lost,True,True,[]
scientific-close_aligned_recovery_grid-00079,close_aligned_recovery_grid,5,lost,True,True,[]
scientific-close_aligned_recovery_grid-00080,close_aligned_recovery_grid,5,recovered,True,True,[]
scientific-close_aligned_recovery_grid-00081,close_aligned_recovery_grid,5,recovered,True,True,[]
scientific-close_aligned_recovery_grid-00082,close_aligned_recovery_grid,5,recovered,True,True,[]
scientific-close_aligned_recovery_grid-00083,close_aligned_recovery_grid,5,recovered,True,True,[]
scientific-close_aligned_recovery_grid-00084,close_aligned_recovery_grid,5,lost,True,True,[]
scientific-close_aligned_recovery_grid-00085,close_aligned_recovery_grid,5,lost,True,True,[]
scientific-close_aligned_recovery_grid-00086,close_aligned_recovery_grid,5,recovered,True,True,[]
scientific-close_aligned_recovery_grid-00087,close_aligned_recovery_grid,5,lost,True,True,[]
scientific-close_aligned_recovery_grid-00088,close_aligned_recovery_grid,5,lost,True,True,[]
scientific-close_aligned_recovery_grid-00089,close_aligned_recovery_grid,5,lost,True,True,[]
scientific-close_aligned_recovery_grid-00090,close_aligned_recovery_grid,5,lost,True,True,[]
scientific-close_aligned_recovery_grid-00091,close_aligned_recovery_grid,6,recovered,True,True,[]
scientific-close_aligned_recovery_grid-00092,close_aligned_recovery_grid,6,lost,True,True,[]
scientific-close_aligned_recovery_grid-00093,close_aligned_recovery_grid,6,lost,True,True,[]
scientific-close_aligned_recovery_grid-00094,close_aligned_recovery_grid,6,lost,True,True,[]
scientific-close_aligned_recovery_grid-00095,close_aligned_recovery_grid,6,lost,True,True,[]
scientific-close_aligned_recovery_grid-00096,close_aligned_recovery_grid,6,lost,True,True,[]
scientific-close_aligned_recovery_grid-00097,close_aligned_recovery_grid,6,lost,True,True,[]
scientific-close_aligned_recovery_grid-00098,close_aligned_recovery_grid,6,recovered,True,True,[]
scientific-close_aligned_recovery_grid-00099,close_aligned_recovery_grid,6,recovered,True,True,[]
scientific-close_aligned_recovery_grid-00100,close_aligned_recovery_grid,6,recovered,True,True,[]
scientific-close_aligned_recovery_grid-00101,close_aligned_recovery_grid,6,recovered,True,True,[]
scientific-close_aligned_recovery_grid-00102,close_aligned_recovery_grid,6,lost,True,True,[]
scientific-close_aligned_recovery_grid-00103,close_aligned_recovery_grid,6,recovered,True,True,[]
scientific-close_aligned_recovery_grid-00104,close_aligned_recovery_grid,6,lost,True,True,[]
scientific-close_aligned_recovery_grid-00105,close_aligned_recovery_grid,6,lost,True,True,[]
scientific-close_aligned_recovery_grid-00106,close_aligned_recovery_grid,6,recovered,True,True,[]
scientific-close_aligned_recovery_grid-00107,close_aligned_recovery_grid,6,lost,True,True,[]
scientific-close_aligned_recovery_grid-00108,close_aligned_recovery_grid,6,recovered,True,True,[]
scientific-close_aligned_recovery_grid-00109,close_aligned_recovery_grid,7,recovered,True,True,[]
scientific-close_aligned_recovery_grid-00110,close_aligned_recovery_grid,7,lost,True,True,[]
scientific-close_aligned_recovery_grid-00111,close_aligned_recovery_grid,7,recovered,True,True,[]
scientific-close_aligned_recovery_grid-00112,close_aligned_recovery_grid,7,lost,True,True,[]
scientific-close_aligned_recovery_grid-00113,close_aligned_recovery_grid,7,recovered,True,True,[]
scientific-close_aligned_recovery_grid-00114,close_aligned_recovery_grid,7,lost,True,True,[]
scientific-close_aligned_recovery_grid-00115,close_aligned_recovery_grid,7,recovered,True,True,[]
scientific-close_aligned_recovery_grid-00116,close_aligned_recovery_grid,7,recovered,True,True,[]
scientific-close_aligned_recovery_grid-00117,close_aligned_recovery_grid,7,lost,True,True,[]
scientific-close_aligned_recovery_grid-00118,close_aligned_recovery_grid,7,lost,True,True,[]
scientific-close_aligned_recovery_grid-00119,close_aligned_recovery_grid,7,recovered,True,True,[]
scientific-close_aligned_recovery_grid-00120,close_aligned_recovery_grid,7,lost,True,True,[]
scientific-close_aligned_recovery_grid-00121,close_aligned_recovery_grid,7,recovered,True,True,[]
scientific-close_aligned_recovery_grid-00122,close_aligned_recovery_grid,7,lost,True,True,[]
scientific-close_aligned_recovery_grid-00123,close_aligned_recovery_grid,7,lost,True,True,[]
scientific-close_aligned_recovery_grid-00124,close_aligned_recovery_grid,7,recovered,True,True,[]
scientific-close_aligned_recovery_grid-00125,close_aligned_recovery_grid,7,recovered,True,True,[]
scientific-close_aligned_recovery_grid-00126,close_aligned_recovery_grid,7,recovered,True,True,[]
scientific-close_aligned_recovery_grid-00127,close_aligned_recovery_grid,8,lost,True,True,[]
scientific-close_aligned_recovery_grid-00128,close_aligned_recovery_grid,8,lost,True,True,[]
scientific-close_aligned_recovery_grid-00129,close_aligned_recovery_grid,8,lost,True,True,[]
scientific-close_aligned_recovery_grid-00130,close_aligned_recovery_grid,8,lost,True,True,[]
scientific-close_aligned_recovery_grid-00131,close_aligned_recovery_grid,8,recovered,True,True,[]
scientific-close_aligned_recovery_grid-00132,close_aligned_recovery_grid,8,lost,True,True,[]
scientific-close_aligned_recovery_grid-00133,close_aligned_recovery_grid,8,recovered,True,True,[]
scientific-close_aligned_recovery_grid-00134,close_aligned_recovery_grid,8,recovered,True,True,[]
scientific-close_aligned_recovery_grid-00135,close_aligned_recovery_grid,8,recovered,True,True,[]
scientific-close_aligned_recovery_grid-00136,close_aligned_recovery_grid,8,recovered,True,True,[]
scientific-close_aligned_recovery_grid-00137,close_aligned_recovery_grid,8,lost,True,True,[]
scientific-close_aligned_recovery_grid-00138,close_aligned_recovery_grid,8,lost,True,True,[]
scientific-close_aligned_recovery_grid-00139,close_aligned_recovery_grid,8,recovered,True,True,[]
scientific-close_aligned_recovery_grid-00140,close_aligned_recovery_grid,8,lost,True,True,[]
scientific-close_aligned_recovery_grid-00141,close_aligned_recovery_grid,8,recovered,True,True,[]
scientific-close_aligned_recovery_grid-00142,close_aligned_recovery_grid,8,lost,True,True,[]
scientific-close_aligned_recovery_grid-00143,close_aligned_recovery_grid,8,lost,True,True,[]
scientific-close_aligned_recovery_grid-00144,close_aligned_recovery_grid,8,recovered,True,True,[]
scientific-close_aligned_recovery_grid-00145,close_aligned_recovery_grid,9,recovered,True,True,[]
scientific-close_aligned_recovery_grid-00146,close_aligned_recovery_grid,9,recovered,True,True,[]
scientific-close_aligned_recovery_grid-00147,close_aligned_recovery_grid,9,lost,True,True,[]
scientific-close_aligned_recovery_grid-00148,close_aligned_recovery_grid,9,lost,True,True,[]
scientific-close_aligned_recovery_grid-00149,close_aligned_recovery_grid,9,lost,True,True,[]
scientific-close_aligned_recovery_grid-00150,close_aligned_recovery_grid,9,recovered,True,True,[]
scientific-close_aligned_recovery_grid-00151,close_aligned_recovery_grid,9,lost,True,True,[]
scientific-close_aligned_recovery_grid-00152,close_aligned_recovery_grid,9,lost,True,True,[]
scientific-close_aligned_recovery_grid-00153,close_aligned_recovery_grid,9,lost,True,True,[]
scientific-close_aligned_recovery_grid-00154,close_aligned_recovery_grid,9,lost,True,True,[]
scientific-close_aligned_recovery_grid-00155,close_aligned_recovery_grid,9,lost,True,True,[]
scientific-close_aligned_recovery_grid-00156,close_aligned_recovery_grid,9,recovered,True,True,[]
scientific-close_aligned_recovery_grid-00157,close_aligned_recovery_grid,9,recovered,True,True,[]
scientific-close_aligned_recovery_grid-00158,close_aligned_recovery_grid,9,recovered,True,True,[]
scientific-close_aligned_recovery_grid-00159,close_aligned_recovery_grid,9,recovered,True,True,[]
scientific-close_aligned_recovery_grid-00160,close_aligned_recovery_grid,9,lost,True,True,[]
scientific-close_aligned_recovery_grid-00161,close_aligned_recovery_grid,9,recovered,True,True,[]
scientific-close_aligned_recovery_grid-00162,close_aligned_recovery_grid,9,lost,True,True,[]
scientific-close_aligned_recovery_grid-00163,close_aligned_recovery_grid,10,recovered,True,True,[]
scientific-close_aligned_recovery_grid-00164,close_aligned_recovery_grid,10,lost,True,True,[]
scientific-close_aligned_recovery_grid-00165,close_aligned_recovery_grid,10,lost,True,True,[]
scientific-close_aligned_recovery_grid-00166,close_aligned_recovery_grid,10,lost,True,True,[]
scientific-close_aligned_recovery_grid-00167,close_aligned_recovery_grid,10,recovered,True,True,[]
scientific-close_aligned_recovery_grid-00168,close_aligned_recovery_grid,10,recovered,True,True,[]
scientific-close_aligned_recovery_grid-00169,close_aligned_recovery_grid,10,recovered,True,True,[]
scientific-close_aligned_recovery_grid-00170,close_aligned_recovery_grid,10,recovered,True,True,[]
scientific-close_aligned_recovery_grid-00171,close_aligned_recovery_grid,10,recovered,True,True,[]
scientific-close_aligned_recovery_grid-00172,close_aligned_recovery_grid,10,lost,True,True,[]
scientific-close_aligned_recovery_grid-00173,close_aligned_recovery_grid,10,lost,True,True,[]
scientific-close_aligned_recovery_grid-00174,close_aligned_recovery_grid,10,lost,True,True,[]
scientific-close_aligned_recovery_grid-00175,close_aligned_recovery_grid,10,lost,True,True,[]
scientific-close_aligned_recovery_grid-00176,close_aligned_recovery_grid,10,recovered,True,True,[]
scientific-close_aligned_recovery_grid-00177,close_aligned_recovery_grid,10,recovered,True,True,[]
scientific-close_aligned_recovery_grid-00178,close_aligned_recovery_grid,10,lost,True,True,[]
scientific-close_aligned_recovery_grid-00179,close_aligned_recovery_grid,10,lost,True,True,[]
scientific-close_aligned_recovery_grid-00180,close_aligned_recovery_grid,10,lost,True,True,[]
scientific-environment_sensitivity-00001,environment_sensitivity,1,lost,True,True,[]
scientific-environment_sensitivity-00002,environment_sensitivity,1,recovered,True,True,[]
scientific-environment_sensitivity-00003,environment_sensitivity,1,lost,True,True,[]
scientific-environment_sensitivity-00004,environment_sensitivity,1,lost,True,True,[]
scientific-environment_sensitivity-00005,environment_sensitivity,1,recovered,True,True,[]
scientific-environment_sensitivity-00006,environment_sensitivity,1,recovered,True,True,[]
scientific-environment_sensitivity-00007,environment_sensitivity,1,lost,True,True,[]
scientific-environment_sensitivity-00008,environment_sensitivity,1,lost,True,True,[]
scientific-environment_sensitivity-00009,environment_sensitivity,1,recovered,True,True,[]
scientific-environment_sensitivity-00010,environment_sensitivity,1,lost,True,True,[]
scientific-environment_sensitivity-00011,environment_sensitivity,1,recovered,True,True,[]
scientific-environment_sensitivity-00012,environment_sensitivity,1,recovered,True,True,[]
scientific-environment_sensitivity-00013,environment_sensitivity,1,lost,True,True,[]
scientific-environment_sensitivity-00014,environment_sensitivity,1,recovered,True,True,[]
scientific-environment_sensitivity-00015,environment_sensitivity,1,lost,True,True,[]
scientific-environment_sensitivity-00016,environment_sensitivity,1,lost,True,True,[]
scientific-environment_sensitivity-00017,environment_sensitivity,2,lost,True,True,[]
scientific-environment_sensitivity-00018,environment_sensitivity,2,recovered,True,True,[]
scientific-environment_sensitivity-00019,environment_sensitivity,2,recovered,True,True,[]
scientific-environment_sensitivity-00020,environment_sensitivity,2,lost,True,True,[]
scientific-environment_sensitivity-00021,environment_sensitivity,2,lost,True,True,[]
scientific-environment_sensitivity-00022,environment_sensitivity,2,lost,True,True,[]
scientific-environment_sensitivity-00023,environment_sensitivity,2,lost,True,True,[]
scientific-environment_sensitivity-00024,environment_sensitivity,2,lost,True,True,[]
scientific-environment_sensitivity-00025,environment_sensitivity,2,lost,True,True,[]
scientific-environment_sensitivity-00026,environment_sensitivity,2,recovered,True,True,[]
scientific-environment_sensitivity-00027,environment_sensitivity,2,lost,True,True,[]
scientific-environment_sensitivity-00028,environment_sensitivity,2,lost,True,True,[]
scientific-environment_sensitivity-00029,environment_sensitivity,2,recovered,True,True,[]
scientific-environment_sensitivity-00030,environment_sensitivity,2,lost,True,True,[]
scientific-environment_sensitivity-00031,environment_sensitivity,2,lost,True,True,[]
scientific-environment_sensitivity-00032,environment_sensitivity,2,recovered,True,True,[]
scientific-environment_sensitivity-00033,environment_sensitivity,3,recovered,True,True,[]
scientific-environment_sensitivity-00034,environment_sensitivity,3,recovered,True,True,[]
scientific-environment_sensitivity-00035,environment_sensitivity,3,lost,True,True,[]
scientific-environment_sensitivity-00036,environment_sensitivity,3,recovered,True,True,[]
scientific-environment_sensitivity-00037,environment_sensitivity,3,lost,True,True,[]
scientific-environment_sensitivity-00038,environment_sensitivity,3,lost,True,True,[]
scientific-environment_sensitivity-00039,environment_sensitivity,3,lost,True,True,[]
scientific-environment_sensitivity-00040,environment_sensitivity,3,recovered,True,True,[]
scientific-environment_sensitivity-00041,environment_sensitivity,3,recovered,True,True,[]
scientific-environment_sensitivity-00042,environment_sensitivity,3,lost,True,True,[]
scientific-environment_sensitivity-00043,environment_sensitivity,3,lost,True,True,[]
scientific-environment_sensitivity-00044,environment_sensitivity,3,recovered,True,True,[]
scientific-environment_sensitivity-00045,environment_sensitivity,3,recovered,True,True,[]
scientific-environment_sensitivity-00046,environment_sensitivity,3,lost,True,True,[]
scientific-environment_sensitivity-00047,environment_sensitivity,3,lost,True,True,[]
scientific-environment_sensitivity-00048,environment_sensitivity,3,lost,True,True,[]
scientific-environment_sensitivity-00049,environment_sensitivity,4,lost,True,True,[]
scientific-environment_sensitivity-00050,environment_sensitivity,4,recovered,True,True,[]
scientific-environment_sensitivity-00051,environment_sensitivity,4,lost,True,True,[]
scientific-environment_sensitivity-00052,environment_sensitivity,4,lost,True,True,[]
scientific-environment_sensitivity-00053,environment_sensitivity,4,lost,True,True,[]
scientific-environment_sensitivity-00054,environment_sensitivity,4,recovered,True,True,[]
scientific-environment_sensitivity-00055,environment_sensitivity,4,lost,True,True,[]
scientific-environment_sensitivity-00056,environment_sensitivity,4,lost,True,True,[]
scientific-environment_sensitivity-00057,environment_sensitivity,4,lost,True,True,[]
scientific-environment_sensitivity-00058,environment_sensitivity,4,lost,True,True,[]
scientific-environment_sensitivity-00059,environment_sensitivity,4,lost,True,True,[]
scientific-environment_sensitivity-00060,environment_sensitivity,4,recovered,True,True,[]
scientific-environment_sensitivity-00061,environment_sensitivity,4,lost,True,True,[]
scientific-environment_sensitivity-00062,environment_sensitivity,4,recovered,True,True,[]
scientific-environment_sensitivity-00063,environment_sensitivity,4,lost,True,True,[]
scientific-environment_sensitivity-00064,environment_sensitivity,4,recovered,True,True,[]
scientific-environment_sensitivity-00065,environment_sensitivity,5,lost,True,True,[]
scientific-environment_sensitivity-00066,environment_sensitivity,5,lost,True,True,[]
scientific-environment_sensitivity-00067,environment_sensitivity,5,lost,True,True,[]
scientific-environment_sensitivity-00068,environment_sensitivity,5,recovered,True,True,[]
scientific-environment_sensitivity-00069,environment_sensitivity,5,lost,True,True,[]
scientific-environment_sensitivity-00070,environment_sensitivity,5,lost,True,True,[]
scientific-environment_sensitivity-00071,environment_sensitivity,5,lost,True,True,[]
scientific-environment_sensitivity-00072,environment_sensitivity,5,lost,True,True,[]
scientific-environment_sensitivity-00073,environment_sensitivity,5,lost,True,True,[]
scientific-environment_sensitivity-00074,environment_sensitivity,5,recovered,True,True,[]
scientific-environment_sensitivity-00075,environment_sensitivity,5,recovered,True,True,[]
scientific-environment_sensitivity-00076,environment_sensitivity,5,lost,True,True,[]
scientific-environment_sensitivity-00077,environment_sensitivity,5,recovered,True,True,[]
scientific-environment_sensitivity-00078,environment_sensitivity,5,recovered,True,True,[]
scientific-environment_sensitivity-00079,environment_sensitivity,5,lost,True,True,[]
scientific-environment_sensitivity-00080,environment_sensitivity,5,lost,True,True,[]
scientific-environment_sensitivity-00081,environment_sensitivity,6,lost,True,True,[]
scientific-environment_sensitivity-00082,environment_sensitivity,6,lost,True,True,[]
scientific-environment_sensitivity-00083,environment_sensitivity,6,lost,True,True,[]
scientific-environment_sensitivity-00084,environment_sensitivity,6,recovered,True,True,[]
scientific-environment_sensitivity-00085,environment_sensitivity,6,recovered,True,True,[]
scientific-environment_sensitivity-00086,environment_sensitivity,6,lost,True,True,[]
scientific-environment_sensitivity-00087,environment_sensitivity,6,lost,True,True,[]
scientific-environment_sensitivity-00088,environment_sensitivity,6,lost,True,True,[]
scientific-environment_sensitivity-00089,environment_sensitivity,6,recovered,True,True,[]
scientific-environment_sensitivity-00090,environment_sensitivity,6,recovered,True,True,[]
scientific-environment_sensitivity-00091,environment_sensitivity,6,lost,True,True,[]
scientific-environment_sensitivity-00092,environment_sensitivity,6,lost,True,True,[]
scientific-environment_sensitivity-00093,environment_sensitivity,6,recovered,True,True,[]
scientific-environment_sensitivity-00094,environment_sensitivity,6,lost,True,True,[]
scientific-environment_sensitivity-00095,environment_sensitivity,6,recovered,True,True,[]
scientific-environment_sensitivity-00096,environment_sensitivity,6,recovered,True,True,[]
scientific-environment_sensitivity-00097,environment_sensitivity,7,lost,True,True,[]
scientific-environment_sensitivity-00098,environment_sensitivity,7,lost,True,True,[]
scientific-environment_sensitivity-00099,environment_sensitivity,7,lost,True,True,[]
scientific-environment_sensitivity-00100,environment_sensitivity,7,lost,True,True,[]
scientific-environment_sensitivity-00101,environment_sensitivity,7,lost,True,True,[]
scientific-environment_sensitivity-00102,environment_sensitivity,7,recovered,True,True,[]
scientific-environment_sensitivity-00103,environment_sensitivity,7,recovered,True,True,[]
scientific-environment_sensitivity-00104,environment_sensitivity,7,recovered,True,True,[]
scientific-environment_sensitivity-00105,environment_sensitivity,7,recovered,True,True,[]
scientific-environment_sensitivity-00106,environment_sensitivity,7,recovered,True,True,[]
scientific-environment_sensitivity-00107,environment_sensitivity,7,lost,True,True,[]
scientific-environment_sensitivity-00108,environment_sensitivity,7,recovered,True,True,[]
scientific-environment_sensitivity-00109,environment_sensitivity,7,lost,True,True,[]
scientific-environment_sensitivity-00110,environment_sensitivity,7,lost,True,True,[]
scientific-environment_sensitivity-00111,environment_sensitivity,7,recovered,True,True,[]
scientific-environment_sensitivity-00112,environment_sensitivity,7,lost,True,True,[]
scientific-environment_sensitivity-00113,environment_sensitivity,8,recovered,True,True,[]
scientific-environment_sensitivity-00114,environment_sensitivity,8,lost,True,True,[]
scientific-environment_sensitivity-00115,environment_sensitivity,8,lost,True,True,[]
scientific-environment_sensitivity-00116,environment_sensitivity,8,lost,True,True,[]
scientific-environment_sensitivity-00117,environment_sensitivity,8,lost,True,True,[]
scientific-environment_sensitivity-00118,environment_sensitivity,8,lost,True,True,[]
scientific-environment_sensitivity-00119,environment_sensitivity,8,lost,True,True,[]
scientific-environment_sensitivity-00120,environment_sensitivity,8,recovered,True,True,[]
scientific-environment_sensitivity-00121,environment_sensitivity,8,lost,True,True,[]
scientific-environment_sensitivity-00122,environment_sensitivity,8,lost,True,True,[]
scientific-environment_sensitivity-00123,environment_sensitivity,8,recovered,True,True,[]
scientific-environment_sensitivity-00124,environment_sensitivity,8,lost,True,True,[]
scientific-environment_sensitivity-00125,environment_sensitivity,8,recovered,True,True,[]
scientific-environment_sensitivity-00126,environment_sensitivity,8,lost,True,True,[]
scientific-environment_sensitivity-00127,environment_sensitivity,8,recovered,True,True,[]
scientific-environment_sensitivity-00128,environment_sensitivity,8,lost,True,True,[]
scientific-environment_sensitivity-00129,environment_sensitivity,9,recovered,True,True,[]
scientific-environment_sensitivity-00130,environment_sensitivity,9,lost,True,True,[]
scientific-environment_sensitivity-00131,environment_sensitivity,9,lost,True,True,[]
scientific-environment_sensitivity-00132,environment_sensitivity,9,recovered,True,True,[]
scientific-environment_sensitivity-00133,environment_sensitivity,9,recovered,True,True,[]
scientific-environment_sensitivity-00134,environment_sensitivity,9,recovered,True,True,[]
scientific-environment_sensitivity-00135,environment_sensitivity,9,lost,True,True,[]
scientific-environment_sensitivity-00136,environment_sensitivity,9,lost,True,True,[]
scientific-environment_sensitivity-00137,environment_sensitivity,9,lost,True,True,[]
scientific-environment_sensitivity-00138,environment_sensitivity,9,lost,True,True,[]
scientific-environment_sensitivity-00139,environment_sensitivity,9,recovered,True,True,[]
scientific-environment_sensitivity-00140,environment_sensitivity,9,lost,True,True,[]
scientific-environment_sensitivity-00141,environment_sensitivity,9,recovered,True,True,[]
scientific-environment_sensitivity-00142,environment_sensitivity,9,lost,True,True,[]
scientific-environment_sensitivity-00143,environment_sensitivity,9,lost,True,True,[]
scientific-environment_sensitivity-00144,environment_sensitivity,9,lost,True,True,[]
scientific-environment_sensitivity-00145,environment_sensitivity,10,recovered,True,True,[]
scientific-environment_sensitivity-00146,environment_sensitivity,10,lost,True,True,[]
scientific-environment_sensitivity-00147,environment_sensitivity,10,lost,True,True,[]
scientific-environment_sensitivity-00148,environment_sensitivity,10,lost,True,True,[]
scientific-environment_sensitivity-00149,environment_sensitivity,10,recovered,True,True,[]
scientific-environment_sensitivity-00150,environment_sensitivity,10,recovered,True,True,[]
scientific-environment_sensitivity-00151,environment_sensitivity,10,lost,True,True,[]
scientific-environment_sensitivity-00152,environment_sensitivity,10,lost,True,True,[]
scientific-environment_sensitivity-00153,environment_sensitivity,10,lost,True,True,[]
scientific-environment_sensitivity-00154,environment_sensitivity,10,lost,True,True,[]
scientific-environment_sensitivity-00155,environment_sensitivity,10,recovered,True,True,[]
scientific-environment_sensitivity-00156,environment_sensitivity,10,lost,True,True,[]
scientific-environment_sensitivity-00157,environment_sensitivity,10,lost,True,True,[]
scientific-environment_sensitivity-00158,environment_sensitivity,10,recovered,True,True,[]
scientific-environment_sensitivity-00159,environment_sensitivity,10,recovered,True,True,[]
scientific-environment_sensitivity-00160,environment_sensitivity,10,lost,True,True,[]
scientific-fault_scope_comparison-00001,fault_scope_comparison,1,lost,True,True,[]
scientific-fault_scope_comparison-00002,fault_scope_comparison,1,recovered,True,True,[]
scientific-fault_scope_comparison-00003,fault_scope_comparison,1,lost,True,True,[]
scientific-fault_scope_comparison-00004,fault_scope_comparison,1,recovered,True,True,[]
scientific-fault_scope_comparison-00005,fault_scope_comparison,1,lost,True,True,[]
scientific-fault_scope_comparison-00006,fault_scope_comparison,1,recovered,True,True,[]
scientific-fault_scope_comparison-00007,fault_scope_comparison,1,lost,True,True,[]
scientific-fault_scope_comparison-00008,fault_scope_comparison,1,lost,True,True,[]
scientific-fault_scope_comparison-00009,fault_scope_comparison,1,recovered,True,True,[]
scientific-fault_scope_comparison-00010,fault_scope_comparison,1,recovered,True,True,[]
scientific-fault_scope_comparison-00011,fault_scope_comparison,1,recovered,True,True,[]
scientific-fault_scope_comparison-00012,fault_scope_comparison,1,recovered,True,True,[]
scientific-fault_scope_comparison-00013,fault_scope_comparison,2,lost,True,True,[]
scientific-fault_scope_comparison-00014,fault_scope_comparison,2,lost,True,True,[]
scientific-fault_scope_comparison-00015,fault_scope_comparison,2,lost,True,True,[]
scientific-fault_scope_comparison-00016,fault_scope_comparison,2,lost,True,True,[]
scientific-fault_scope_comparison-00017,fault_scope_comparison,2,recovered,True,True,[]
scientific-fault_scope_comparison-00018,fault_scope_comparison,2,recovered,True,True,[]
scientific-fault_scope_comparison-00019,fault_scope_comparison,2,lost,True,True,[]
scientific-fault_scope_comparison-00020,fault_scope_comparison,2,unknown,False,True,"[""Original extractor failed for a different reason; no substitution""]"
scientific-fault_scope_comparison-00021,fault_scope_comparison,2,lost,True,True,[]
scientific-fault_scope_comparison-00022,fault_scope_comparison,2,recovered,True,True,[]
scientific-fault_scope_comparison-00023,fault_scope_comparison,2,recovered,True,True,[]
scientific-fault_scope_comparison-00024,fault_scope_comparison,2,recovered,True,True,[]
scientific-fault_scope_comparison-00025,fault_scope_comparison,3,lost,True,True,[]
scientific-fault_scope_comparison-00026,fault_scope_comparison,3,recovered,True,True,[]
scientific-fault_scope_comparison-00027,fault_scope_comparison,3,recovered,True,True,[]
scientific-fault_scope_comparison-00028,fault_scope_comparison,3,lost,True,True,[]
scientific-fault_scope_comparison-00029,fault_scope_comparison,3,lost,True,True,[]
scientific-fault_scope_comparison-00030,fault_scope_comparison,3,lost,True,True,[]
scientific-fault_scope_comparison-00031,fault_scope_comparison,3,lost,True,True,[]
scientific-fault_scope_comparison-00032,fault_scope_comparison,3,recovered,True,True,[]
scientific-fault_scope_comparison-00033,fault_scope_comparison,3,recovered,True,True,[]
scientific-fault_scope_comparison-00034,fault_scope_comparison,3,lost,True,True,[]
scientific-fault_scope_comparison-00035,fault_scope_comparison,3,recovered,True,True,[]
scientific-fault_scope_comparison-00036,fault_scope_comparison,3,recovered,True,True,[]
scientific-fault_scope_comparison-00037,fault_scope_comparison,4,lost,True,True,[]
scientific-fault_scope_comparison-00038,fault_scope_comparison,4,recovered,True,True,[]
scientific-fault_scope_comparison-00039,fault_scope_comparison,4,lost,True,True,[]
scientific-fault_scope_comparison-00040,fault_scope_comparison,4,recovered,True,True,[]
scientific-fault_scope_comparison-00041,fault_scope_comparison,4,lost,True,True,[]
scientific-fault_scope_comparison-00042,fault_scope_comparison,4,recovered,True,True,[]
scientific-fault_scope_comparison-00043,fault_scope_comparison,4,lost,True,True,[]
scientific-fault_scope_comparison-00044,fault_scope_comparison,4,recovered,True,True,[]
scientific-fault_scope_comparison-00045,fault_scope_comparison,4,recovered,True,True,[]
scientific-fault_scope_comparison-00046,fault_scope_comparison,4,lost,True,True,[]
scientific-fault_scope_comparison-00047,fault_scope_comparison,4,lost,True,True,[]
scientific-fault_scope_comparison-00048,fault_scope_comparison,4,recovered,True,True,[]
scientific-fault_scope_comparison-00049,fault_scope_comparison,5,recovered,True,True,[]
scientific-fault_scope_comparison-00050,fault_scope_comparison,5,recovered,True,True,[]
scientific-fault_scope_comparison-00051,fault_scope_comparison,5,lost,True,True,[]
scientific-fault_scope_comparison-00052,fault_scope_comparison,5,lost,True,True,[]
scientific-fault_scope_comparison-00053,fault_scope_comparison,5,recovered,True,True,[]
scientific-fault_scope_comparison-00054,fault_scope_comparison,5,lost,True,True,[]
scientific-fault_scope_comparison-00055,fault_scope_comparison,5,lost,True,True,[]
scientific-fault_scope_comparison-00056,fault_scope_comparison,5,recovered,True,True,[]
scientific-fault_scope_comparison-00057,fault_scope_comparison,5,lost,True,True,[]
scientific-fault_scope_comparison-00058,fault_scope_comparison,5,lost,True,True,[]
scientific-fault_scope_comparison-00059,fault_scope_comparison,5,recovered,True,True,[]
scientific-fault_scope_comparison-00060,fault_scope_comparison,5,recovered,True,True,[]
scientific-fault_scope_comparison-00061,fault_scope_comparison,6,lost,True,True,[]
scientific-fault_scope_comparison-00062,fault_scope_comparison,6,lost,True,True,[]
scientific-fault_scope_comparison-00063,fault_scope_comparison,6,lost,True,True,[]
scientific-fault_scope_comparison-00064,fault_scope_comparison,6,recovered,True,True,[]
scientific-fault_scope_comparison-00065,fault_scope_comparison,6,recovered,True,True,[]
scientific-fault_scope_comparison-00066,fault_scope_comparison,6,recovered,True,True,[]
scientific-fault_scope_comparison-00067,fault_scope_comparison,6,lost,True,True,[]
scientific-fault_scope_comparison-00068,fault_scope_comparison,6,lost,True,True,[]
scientific-fault_scope_comparison-00069,fault_scope_comparison,6,recovered,True,True,[]
scientific-fault_scope_comparison-00070,fault_scope_comparison,6,recovered,True,True,[]
scientific-fault_scope_comparison-00071,fault_scope_comparison,6,lost,True,True,[]
scientific-fault_scope_comparison-00072,fault_scope_comparison,6,recovered,True,True,[]
scientific-fault_scope_comparison-00073,fault_scope_comparison,7,lost,True,True,[]
scientific-fault_scope_comparison-00074,fault_scope_comparison,7,recovered,True,True,[]
scientific-fault_scope_comparison-00075,fault_scope_comparison,7,recovered,True,True,[]
scientific-fault_scope_comparison-00076,fault_scope_comparison,7,recovered,True,True,[]
scientific-fault_scope_comparison-00077,fault_scope_comparison,7,recovered,True,True,[]
scientific-fault_scope_comparison-00078,fault_scope_comparison,7,recovered,True,True,[]
scientific-fault_scope_comparison-00079,fault_scope_comparison,7,lost,True,True,[]
scientific-fault_scope_comparison-00080,fault_scope_comparison,7,lost,True,True,[]
scientific-fault_scope_comparison-00081,fault_scope_comparison,7,recovered,True,True,[]
scientific-fault_scope_comparison-00082,fault_scope_comparison,7,lost,True,True,[]
scientific-fault_scope_comparison-00083,fault_scope_comparison,7,lost,True,True,[]
scientific-fault_scope_comparison-00084,fault_scope_comparison,7,lost,True,True,[]
scientific-fault_scope_comparison-00085,fault_scope_comparison,8,lost,True,True,[]
scientific-fault_scope_comparison-00086,fault_scope_comparison,8,lost,True,True,[]
scientific-fault_scope_comparison-00087,fault_scope_comparison,8,lost,True,True,[]
scientific-fault_scope_comparison-00088,fault_scope_comparison,8,recovered,True,True,[]
scientific-fault_scope_comparison-00089,fault_scope_comparison,8,lost,True,True,[]
scientific-fault_scope_comparison-00090,fault_scope_comparison,8,recovered,True,True,[]
scientific-fault_scope_comparison-00091,fault_scope_comparison,8,recovered,True,True,[]
scientific-fault_scope_comparison-00092,fault_scope_comparison,8,lost,True,True,[]
scientific-fault_scope_comparison-00093,fault_scope_comparison,8,lost,True,True,[]
scientific-fault_scope_comparison-00094,fault_scope_comparison,8,recovered,True,True,[]
scientific-fault_scope_comparison-00095,fault_scope_comparison,8,recovered,True,True,[]
scientific-fault_scope_comparison-00096,fault_scope_comparison,8,recovered,True,True,[]
scientific-fault_scope_comparison-00097,fault_scope_comparison,9,recovered,True,True,[]
scientific-fault_scope_comparison-00098,fault_scope_comparison,9,lost,True,True,[]
scientific-fault_scope_comparison-00099,fault_scope_comparison,9,lost,True,True,[]
scientific-fault_scope_comparison-00100,fault_scope_comparison,9,recovered,True,True,[]
scientific-fault_scope_comparison-00101,fault_scope_comparison,9,recovered,True,True,[]
scientific-fault_scope_comparison-00102,fault_scope_comparison,9,recovered,True,True,[]
scientific-fault_scope_comparison-00103,fault_scope_comparison,9,lost,True,True,[]
scientific-fault_scope_comparison-00104,fault_scope_comparison,9,recovered,True,True,[]
scientific-fault_scope_comparison-00105,fault_scope_comparison,9,lost,True,True,[]
scientific-fault_scope_comparison-00106,fault_scope_comparison,9,recovered,True,True,[]
scientific-fault_scope_comparison-00107,fault_scope_comparison,9,recovered,True,True,[]
scientific-fault_scope_comparison-00108,fault_scope_comparison,9,lost,True,True,[]
scientific-fault_scope_comparison-00109,fault_scope_comparison,10,recovered,True,True,[]
scientific-fault_scope_comparison-00110,fault_scope_comparison,10,recovered,True,True,[]
scientific-fault_scope_comparison-00111,fault_scope_comparison,10,recovered,True,True,[]
scientific-fault_scope_comparison-00112,fault_scope_comparison,10,recovered,True,True,[]
scientific-fault_scope_comparison-00113,fault_scope_comparison,10,recovered,True,True,[]
scientific-fault_scope_comparison-00114,fault_scope_comparison,10,lost,True,True,[]
scientific-fault_scope_comparison-00115,fault_scope_comparison,10,recovered,True,True,[]
scientific-fault_scope_comparison-00116,fault_scope_comparison,10,lost,True,True,[]
scientific-fault_scope_comparison-00117,fault_scope_comparison,10,lost,True,True,[]
scientific-fault_scope_comparison-00118,fault_scope_comparison,10,lost,True,True,[]
scientific-fault_scope_comparison-00119,fault_scope_comparison,10,lost,True,True,[]
scientific-fault_scope_comparison-00120,fault_scope_comparison,10,recovered,True,True,[]
scientific-held_connection_recovery_sweep-00001,held_connection_recovery_sweep,1,lost,True,True,[]
scientific-held_connection_recovery_sweep-00002,held_connection_recovery_sweep,1,lost,True,True,[]
scientific-held_connection_recovery_sweep-00003,held_connection_recovery_sweep,1,recovered,True,True,[]
scientific-held_connection_recovery_sweep-00004,held_connection_recovery_sweep,1,lost,True,True,[]
scientific-held_connection_recovery_sweep-00005,held_connection_recovery_sweep,1,recovered,True,True,[]
scientific-held_connection_recovery_sweep-00006,held_connection_recovery_sweep,1,lost,True,True,[]
scientific-held_connection_recovery_sweep-00007,held_connection_recovery_sweep,1,lost,True,True,[]
scientific-held_connection_recovery_sweep-00008,held_connection_recovery_sweep,2,lost,True,True,[]
scientific-held_connection_recovery_sweep-00009,held_connection_recovery_sweep,2,lost,True,True,[]
scientific-held_connection_recovery_sweep-00010,held_connection_recovery_sweep,2,recovered,True,True,[]
scientific-held_connection_recovery_sweep-00011,held_connection_recovery_sweep,2,recovered,True,True,[]
scientific-held_connection_recovery_sweep-00012,held_connection_recovery_sweep,2,lost,True,True,[]
scientific-held_connection_recovery_sweep-00013,held_connection_recovery_sweep,2,lost,True,True,[]
scientific-held_connection_recovery_sweep-00014,held_connection_recovery_sweep,2,lost,True,True,[]
scientific-held_connection_recovery_sweep-00015,held_connection_recovery_sweep,3,lost,True,True,[]
scientific-held_connection_recovery_sweep-00016,held_connection_recovery_sweep,3,lost,True,True,[]
scientific-held_connection_recovery_sweep-00017,held_connection_recovery_sweep,3,recovered,True,True,[]
scientific-held_connection_recovery_sweep-00018,held_connection_recovery_sweep,3,lost,True,True,[]
scientific-held_connection_recovery_sweep-00019,held_connection_recovery_sweep,3,lost,True,True,[]
scientific-held_connection_recovery_sweep-00020,held_connection_recovery_sweep,3,recovered,True,True,[]
scientific-held_connection_recovery_sweep-00021,held_connection_recovery_sweep,3,lost,True,True,[]
scientific-held_connection_recovery_sweep-00022,held_connection_recovery_sweep,4,recovered,True,True,[]
scientific-held_connection_recovery_sweep-00023,held_connection_recovery_sweep,4,lost,True,True,[]
scientific-held_connection_recovery_sweep-00024,held_connection_recovery_sweep,4,recovered,True,True,[]
scientific-held_connection_recovery_sweep-00025,held_connection_recovery_sweep,4,lost,True,True,[]
scientific-held_connection_recovery_sweep-00026,held_connection_recovery_sweep,4,recovered,True,True,[]
scientific-held_connection_recovery_sweep-00027,held_connection_recovery_sweep,4,lost,True,True,[]
scientific-held_connection_recovery_sweep-00028,held_connection_recovery_sweep,4,lost,True,True,[]
scientific-held_connection_recovery_sweep-00029,held_connection_recovery_sweep,5,recovered,True,True,[]
scientific-held_connection_recovery_sweep-00030,held_connection_recovery_sweep,5,lost,True,True,[]
scientific-held_connection_recovery_sweep-00031,held_connection_recovery_sweep,5,recovered,True,True,[]
scientific-held_connection_recovery_sweep-00032,held_connection_recovery_sweep,5,lost,True,True,[]
scientific-held_connection_recovery_sweep-00033,held_connection_recovery_sweep,5,recovered,True,True,[]
scientific-held_connection_recovery_sweep-00034,held_connection_recovery_sweep,5,lost,True,True,[]
scientific-held_connection_recovery_sweep-00035,held_connection_recovery_sweep,5,lost,True,True,[]
scientific-held_connection_recovery_sweep-00036,held_connection_recovery_sweep,6,recovered,True,True,[]
scientific-held_connection_recovery_sweep-00037,held_connection_recovery_sweep,6,lost,True,True,[]
scientific-held_connection_recovery_sweep-00038,held_connection_recovery_sweep,6,lost,True,True,[]
scientific-held_connection_recovery_sweep-00039,held_connection_recovery_sweep,6,lost,True,True,[]
scientific-held_connection_recovery_sweep-00040,held_connection_recovery_sweep,6,lost,True,True,[]
scientific-held_connection_recovery_sweep-00041,held_connection_recovery_sweep,6,recovered,True,True,[]
scientific-held_connection_recovery_sweep-00042,held_connection_recovery_sweep,6,lost,True,True,[]
scientific-held_connection_recovery_sweep-00043,held_connection_recovery_sweep,7,lost,True,True,[]
scientific-held_connection_recovery_sweep-00044,held_connection_recovery_sweep,7,lost,True,True,[]
scientific-held_connection_recovery_sweep-00045,held_connection_recovery_sweep,7,lost,True,True,[]
scientific-held_connection_recovery_sweep-00046,held_connection_recovery_sweep,7,recovered,True,True,[]
scientific-held_connection_recovery_sweep-00047,held_connection_recovery_sweep,7,recovered,True,True,[]
scientific-held_connection_recovery_sweep-00048,held_connection_recovery_sweep,7,lost,True,True,[]
scientific-held_connection_recovery_sweep-00049,held_connection_recovery_sweep,7,lost,True,True,[]
scientific-held_connection_recovery_sweep-00050,held_connection_recovery_sweep,8,lost,True,True,[]
scientific-held_connection_recovery_sweep-00051,held_connection_recovery_sweep,8,lost,True,True,[]
scientific-held_connection_recovery_sweep-00052,held_connection_recovery_sweep,8,recovered,True,True,[]
scientific-held_connection_recovery_sweep-00053,held_connection_recovery_sweep,8,recovered,True,True,[]
scientific-held_connection_recovery_sweep-00054,held_connection_recovery_sweep,8,lost,True,True,[]
scientific-held_connection_recovery_sweep-00055,held_connection_recovery_sweep,8,lost,True,True,[]
scientific-held_connection_recovery_sweep-00056,held_connection_recovery_sweep,8,lost,True,True,[]
scientific-held_connection_recovery_sweep-00057,held_connection_recovery_sweep,9,lost,True,True,[]
scientific-held_connection_recovery_sweep-00058,held_connection_recovery_sweep,9,lost,True,True,[]
scientific-held_connection_recovery_sweep-00059,held_connection_recovery_sweep,9,lost,True,True,[]
scientific-held_connection_recovery_sweep-00060,held_connection_recovery_sweep,9,lost,True,True,[]
scientific-held_connection_recovery_sweep-00061,held_connection_recovery_sweep,9,lost,True,True,[]
scientific-held_connection_recovery_sweep-00062,held_connection_recovery_sweep,9,recovered,True,True,[]
scientific-held_connection_recovery_sweep-00063,held_connection_recovery_sweep,9,recovered,True,True,[]
scientific-held_connection_recovery_sweep-00064,held_connection_recovery_sweep,10,lost,True,True,[]
scientific-held_connection_recovery_sweep-00065,held_connection_recovery_sweep,10,lost,True,True,[]
scientific-held_connection_recovery_sweep-00066,held_connection_recovery_sweep,10,recovered,True,True,[]
scientific-held_connection_recovery_sweep-00067,held_connection_recovery_sweep,10,lost,True,True,[]
scientific-held_connection_recovery_sweep-00068,held_connection_recovery_sweep,10,lost,True,True,[]
scientific-held_connection_recovery_sweep-00069,held_connection_recovery_sweep,10,lost,True,True,[]
scientific-held_connection_recovery_sweep-00070,held_connection_recovery_sweep,10,recovered,True,True,[]
scientific-six_key_conditions-00001,six_key_conditions,1,recovered,True,True,[]
scientific-six_key_conditions-00002,six_key_conditions,1,recovered,True,True,[]
scientific-six_key_conditions-00003,six_key_conditions,1,lost,True,True,[]
scientific-six_key_conditions-00004,six_key_conditions,1,recovered,True,True,[]
scientific-six_key_conditions-00005,six_key_conditions,1,lost,True,True,[]
scientific-six_key_conditions-00006,six_key_conditions,1,lost,True,True,[]
scientific-six_key_conditions-00007,six_key_conditions,2,recovered,True,True,[]
scientific-six_key_conditions-00008,six_key_conditions,2,lost,True,True,[]
scientific-six_key_conditions-00009,six_key_conditions,2,recovered,True,True,[]
scientific-six_key_conditions-00010,six_key_conditions,2,recovered,True,True,[]
scientific-six_key_conditions-00011,six_key_conditions,2,lost,True,True,[]
scientific-six_key_conditions-00012,six_key_conditions,2,lost,True,True,[]
scientific-six_key_conditions-00013,six_key_conditions,3,recovered,True,True,[]
scientific-six_key_conditions-00014,six_key_conditions,3,recovered,True,True,[]
scientific-six_key_conditions-00015,six_key_conditions,3,lost,True,True,[]
scientific-six_key_conditions-00016,six_key_conditions,3,lost,True,True,[]
scientific-six_key_conditions-00017,six_key_conditions,3,recovered,True,True,[]
scientific-six_key_conditions-00018,six_key_conditions,3,lost,True,True,[]
scientific-six_key_conditions-00019,six_key_conditions,4,recovered,True,True,[]
scientific-six_key_conditions-00020,six_key_conditions,4,lost,True,True,[]
scientific-six_key_conditions-00021,six_key_conditions,4,lost,True,True,[]
scientific-six_key_conditions-00022,six_key_conditions,4,recovered,True,True,[]
scientific-six_key_conditions-00023,six_key_conditions,4,lost,True,True,[]
scientific-six_key_conditions-00024,six_key_conditions,4,recovered,True,True,[]
scientific-six_key_conditions-00025,six_key_conditions,5,lost,True,True,[]
scientific-six_key_conditions-00026,six_key_conditions,5,lost,True,True,[]
scientific-six_key_conditions-00027,six_key_conditions,5,lost,True,True,[]
scientific-six_key_conditions-00028,six_key_conditions,5,recovered,True,True,[]
scientific-six_key_conditions-00029,six_key_conditions,5,recovered,True,True,[]
scientific-six_key_conditions-00030,six_key_conditions,5,recovered,True,True,[]
scientific-six_key_conditions-00031,six_key_conditions,6,lost,True,True,[]
scientific-six_key_conditions-00032,six_key_conditions,6,recovered,True,True,[]
scientific-six_key_conditions-00033,six_key_conditions,6,recovered,True,True,[]
scientific-six_key_conditions-00034,six_key_conditions,6,lost,True,True,[]
scientific-six_key_conditions-00035,six_key_conditions,6,lost,True,True,[]
scientific-six_key_conditions-00036,six_key_conditions,6,recovered,True,True,[]
scientific-six_key_conditions-00037,six_key_conditions,7,lost,True,True,[]
scientific-six_key_conditions-00038,six_key_conditions,7,recovered,True,True,[]
scientific-six_key_conditions-00039,six_key_conditions,7,recovered,True,True,[]
scientific-six_key_conditions-00040,six_key_conditions,7,recovered,True,True,[]
scientific-six_key_conditions-00041,six_key_conditions,7,lost,True,True,[]
scientific-six_key_conditions-00042,six_key_conditions,7,lost,True,True,[]
scientific-six_key_conditions-00043,six_key_conditions,8,lost,True,True,[]
scientific-six_key_conditions-00044,six_key_conditions,8,recovered,True,True,[]
scientific-six_key_conditions-00045,six_key_conditions,8,recovered,True,True,[]
scientific-six_key_conditions-00046,six_key_conditions,8,lost,True,True,[]
scientific-six_key_conditions-00047,six_key_conditions,8,recovered,True,True,[]
scientific-six_key_conditions-00048,six_key_conditions,8,lost,True,True,[]
scientific-six_key_conditions-00049,six_key_conditions,9,lost,True,True,[]
scientific-six_key_conditions-00050,six_key_conditions,9,recovered,True,True,[]
scientific-six_key_conditions-00051,six_key_conditions,9,recovered,True,True,[]
scientific-six_key_conditions-00052,six_key_conditions,9,lost,True,True,[]
scientific-six_key_conditions-00053,six_key_conditions,9,lost,True,True,[]
scientific-six_key_conditions-00054,six_key_conditions,9,recovered,True,True,[]
scientific-six_key_conditions-00055,six_key_conditions,10,lost,True,True,[]
scientific-six_key_conditions-00056,six_key_conditions,10,lost,True,True,[]
scientific-six_key_conditions-00057,six_key_conditions,10,lost,True,True,[]
scientific-six_key_conditions-00058,six_key_conditions,10,recovered,True,True,[]
scientific-six_key_conditions-00059,six_key_conditions,10,recovered,True,True,[]
scientific-six_key_conditions-00060,six_key_conditions,10,recovered,True,True,[]
scientific-target_byte_diagnostics-00001,target_byte_diagnostics,1,lost,True,True,[]
scientific-target_byte_diagnostics-00002,target_byte_diagnostics,1,lost,True,True,[]
scientific-target_byte_diagnostics-00003,target_byte_diagnostics,1,lost,True,True,[]
scientific-target_byte_diagnostics-00004,target_byte_diagnostics,1,recovered,True,True,[]
scientific-target_byte_diagnostics-00005,target_byte_diagnostics,2,recovered,True,True,[]
scientific-target_byte_diagnostics-00006,target_byte_diagnostics,2,lost,True,True,[]
scientific-target_byte_diagnostics-00007,target_byte_diagnostics,2,lost,True,True,[]
scientific-target_byte_diagnostics-00008,target_byte_diagnostics,2,lost,True,True,[]
scientific-target_byte_diagnostics-00009,target_byte_diagnostics,3,recovered,True,True,[]
scientific-target_byte_diagnostics-00010,target_byte_diagnostics,3,lost,True,True,[]
scientific-target_byte_diagnostics-00011,target_byte_diagnostics,3,recovered,True,True,[]
scientific-target_byte_diagnostics-00012,target_byte_diagnostics,3,lost,True,True,[]
scientific-target_byte_diagnostics-00013,target_byte_diagnostics,4,lost,True,True,[]
scientific-target_byte_diagnostics-00014,target_byte_diagnostics,4,recovered,True,True,[]
scientific-target_byte_diagnostics-00015,target_byte_diagnostics,4,lost,True,True,[]
scientific-target_byte_diagnostics-00016,target_byte_diagnostics,4,lost,True,True,[]
scientific-target_byte_diagnostics-00017,target_byte_diagnostics,5,lost,True,True,[]
scientific-target_byte_diagnostics-00018,target_byte_diagnostics,5,lost,True,True,[]
scientific-target_byte_diagnostics-00019,target_byte_diagnostics,5,recovered,True,True,[]
scientific-target_byte_diagnostics-00020,target_byte_diagnostics,5,lost,True,True,[]
scientific-target_byte_diagnostics-00021,target_byte_diagnostics,6,lost,True,True,[]
scientific-target_byte_diagnostics-00022,target_byte_diagnostics,6,lost,True,True,[]
scientific-target_byte_diagnostics-00023,target_byte_diagnostics,6,lost,True,True,[]
scientific-target_byte_diagnostics-00024,target_byte_diagnostics,6,recovered,True,True,[]
scientific-target_byte_diagnostics-00025,target_byte_diagnostics,7,lost,True,True,[]
scientific-target_byte_diagnostics-00026,target_byte_diagnostics,7,lost,True,True,[]
scientific-target_byte_diagnostics-00027,target_byte_diagnostics,7,lost,True,True,[]
scientific-target_byte_diagnostics-00028,target_byte_diagnostics,7,recovered,True,True,[]
scientific-target_byte_diagnostics-00029,target_byte_diagnostics,8,recovered,True,True,[]
scientific-target_byte_diagnostics-00030,target_byte_diagnostics,8,recovered,True,True,[]
scientific-target_byte_diagnostics-00031,target_byte_diagnostics,8,lost,True,True,[]
scientific-target_byte_diagnostics-00032,target_byte_diagnostics,8,lost,True,True,[]
scientific-target_byte_diagnostics-00033,target_byte_diagnostics,9,lost,True,True,[]
scientific-target_byte_diagnostics-00034,target_byte_diagnostics,9,lost,True,True,[]
scientific-target_byte_diagnostics-00035,target_byte_diagnostics,9,lost,True,True,[]
scientific-target_byte_diagnostics-00036,target_byte_diagnostics,9,recovered,True,True,[]
scientific-target_byte_diagnostics-00037,target_byte_diagnostics,10,lost,True,True,[]
scientific-target_byte_diagnostics-00038,target_byte_diagnostics,10,lost,True,True,[]
scientific-target_byte_diagnostics-00039,target_byte_diagnostics,10,lost,True,True,[]
scientific-target_byte_diagnostics-00040,target_byte_diagnostics,10,recovered,True,True,[]
scientific-trace_category_timelines-00001,trace_category_timelines,1,lost,True,True,[]
scientific-trace_category_timelines-00002,trace_category_timelines,1,lost,True,True,[]
scientific-trace_category_timelines-00003,trace_category_timelines,1,unknown,False,True,"[""Required guest record missing""]"
scientific-trace_category_timelines-00004,trace_category_timelines,1,premeasurement,False,False,[]
scientific-trace_category_timelines-00005,trace_category_timelines,2,lost,True,True,[]
scientific-trace_category_timelines-00006,trace_category_timelines,2,lost,True,True,[]
scientific-trace_category_timelines-00007,trace_category_timelines,2,recovered,True,True,[]
scientific-trace_category_timelines-00008,trace_category_timelines,2,lost,True,True,[]
scientific-trace_category_timelines-00009,trace_category_timelines,3,lost,True,True,[]
scientific-trace_category_timelines-00010,trace_category_timelines,3,recovered,True,True,[]
scientific-trace_category_timelines-00011,trace_category_timelines,3,lost,True,True,[]
scientific-trace_category_timelines-00012,trace_category_timelines,3,lost,True,True,[]
scientific-trace_category_timelines-00013,trace_category_timelines,4,recovered,True,True,[]
scientific-trace_category_timelines-00014,trace_category_timelines,4,unknown,False,True,"[""Required guest record missing""]"
scientific-trace_category_timelines-00015,trace_category_timelines,4,lost,True,True,[]
scientific-trace_category_timelines-00016,trace_category_timelines,4,recovered,True,True,[]
scientific-trace_category_timelines-00017,trace_category_timelines,5,lost,True,True,[]
scientific-trace_category_timelines-00018,trace_category_timelines,5,recovered,True,True,[]
scientific-trace_category_timelines-00019,trace_category_timelines,5,lost,True,True,[]
scientific-trace_category_timelines-00020,trace_category_timelines,5,unknown,False,True,"[""Required guest record missing""]"
