profile,timepoint,units,n,min,median,p95,max
ext4_custom_reference,planned,seconds,40,60.0,60.0,60.0,60.0
ext4_custom_reference,launch,seconds,40,60.000433512,60.0048162315,60.010531388,60.011768567
ext4_custom_reference,ACK,seconds,40,60.007406981,60.017175298,60.024022611,60.026648831
ext4_defaults_fixed,planned,seconds,40,60.0,60.0,60.0,60.0
ext4_defaults_fixed,launch,seconds,40,60.000768766,60.0049624065,60.011103944,60.011697855
ext4_defaults_fixed,ACK,seconds,40,60.00934165,60.0184184115,60.023278066,60.024743731
ext4_defaults_random,planned,seconds,40,50.435,138.88400000000001,170.545,178.82
ext4_defaults_random,launch,seconds,40,50.440445363,138.8855861465,170.556872984,178.824646685
ext4_defaults_random,ACK,seconds,40,50.452485759,138.89820805099998,170.569322196,178.836883003
xfs_fixed,planned,seconds,40,60.0,60.0,60.0,60.0
xfs_fixed,launch,seconds,40,60.000496417,60.003780298,60.010886819,60.011257525
xfs_fixed,ACK,seconds,40,60.00969722,60.0156929325,60.0224271,60.023397084
