object,path,sha256
protocol,confirmatory/PREREGISTRATION.md,a3dfb023a7fb9e4862edc4242a7cbac1b3b8865790dbcbb1156fddfd128b13b1
design_manifest,confirmatory/design/MANIFEST.json,5584eb171e36f5e3df890bc3879f2658f84414652849ef44ed6db0540f68ee42
scientific_input_lock,campaign_v2/operator/FINAL_INPUT_LOCK.json,6b41534b91721debdfb664cf0296e22c32ac5debc22f345df75ef41914f00798
scientific_worker,campaign_v2/operator/backend_v1/engine/guest_worker.py,1179ac7e17c71781009cd5487edd96fd792394b50a8cb478c075d9c1d8acfd9b
corrected_byte_audit,campaign_v2/operator/validator_correction_v1/audit_bytes_v1.py,9873f6e91abf529e0105389503769d712c9c7c6cc4bd0ff4898dca0da1935f66
corrected_timeline_audit,campaign_v2/operator/validator_correction_v1/audit_timelines_v1.py,21acbf218dce88575711863715793d9f6916ffe3b50f47ce3fd269da2c14aa1c
append_only_revalidation,campaign_v2/operator/validator_correction_v1/REVALIDATION_311.json,45630675054bbba13ab91fc3849224d5c36c44af46c0c03716c930d68a201b54
packaged_chromium_receipt_only,,839efe5fd8b6a773dd81b2e10afdc15f3c0a17316fb82b5908c0533306c4ed9e
public_ubuntu_base_receipt_only,,1d6bffe64b848468ac97f821d369a4846d983de1800ccf6b5ec8853e85cefc55
