family,assigned_close_ms,units,n,min,median,p95,max
close_aligned_recovery_grid,0,seconds,90,0.0,0.0001000000000003638,0.0002000000000007276,0.0007000000000007276
close_aligned_recovery_grid,1000,seconds,90,1.0,1.0029499999999998,1.0061000000000004,1.0098000000000011
held_connection_recovery_sweep,0,seconds,20,0.0,0.0001000000000003638,0.0002000000000007276,0.0002999999999992724
six_key_conditions,0,seconds,20,0.0,0.0001499999999996362,0.0002000000000007276,0.0002000000000007276
six_key_conditions,1000,seconds,10,1.0003999999999997,1.00325,1.0106999999999988,1.0106999999999988
target_byte_diagnostics,0,seconds,10,0.0,0.0002000000000007276,0.0003999999999996362,0.0003999999999996362
target_byte_diagnostics,1000,seconds,10,1.0004000000000015,1.0024499999999998,1.0080999999999984,1.0080999999999984
trace_category_timelines,0,seconds,4,0.0001000000000003638,0.0001500000000005457,0.0002000000000007276,0.0002000000000007276
trace_category_timelines,1000,seconds,3,0.9998000000000011,1.001,1.0107999999999993,1.0107999999999993
fault_scope_comparison,0,seconds,30,0.0,0.0001000000000003638,0.0002000000000007276,0.0002999999999992724
fault_scope_comparison,1000,seconds,30,0.9998999999999997,1.0035500000000002,1.0098000000000011,1.0101000000000004
block_state_recovery,0,seconds,30,0.0,0.0001000000000003638,0.0002000000000007276,0.0002999999999992724
block_state_recovery,1000,seconds,30,1.0,1.0025,1.011,1.0112000000000008
environment_sensitivity,0,seconds,40,9.999999999126886e-05,0.00040000000000873115,0.0006000000000058208,0.0008000000000029104
environment_sensitivity,1000,seconds,40,1.0,1.0015500000000066,1.0075999999999985,1.0103999999999942
application_and_background_activity,0,seconds,40,0.0,0.0001000000000003638,0.0002000000000007276,0.0003999999999996362
application_and_background_activity,1000,seconds,40,0.9995,1.0023999999999997,1.0094000000000014,1.01
