Family,Cells × blocks,A,ACK,n,R / L,U / P
Close-aligned grid,18 × 10,180,180,180,83 / 97,0 / 0
Held sweep and close controls,7 × 10,70,70,70,22 / 48,0 / 0
Six key conditions,6 × 10,60,60,60,30 / 30,0 / 0
Byte capture and forensics,4 × 10,40,40,40,12 / 28,0 / 0
Trace-category timelines,4 × 5,20,19,16,5 / 11,3 / 1
Fault scope,12 × 10,120,120,119,62 / 57,1 / 0
Block state,12 × 10,120,120,120,24 / 96,0 / 0
Environment,16 × 10,160,160,160,60 / 100,0 / 0
Workload,16 × 10,160,160,160,42 / 118,0 / 0
Inventory total,95 cells,930,929,925,340 / 585,4 / 1
