population,trial_id,held,assigned_delay_s,endpoint,collection_utc,post_ack_wal_sync_count,sync_entry_rel_ack_s,wal_unlink_after_sync_count
wal_sync_timing,p3v2b1-001-sqlite-d2,False,2.0,lost,2026-09-28T21:19:24.976510+00:00,0,,0
wal_sync_timing,p3v2b1-002-sqlite-d2,False,2.0,lost,2026-09-28T21:20:04.600444+00:00,0,,0
wal_sync_timing,p3v2b1-003-sqlite-d2p25,False,2.25,recovered,2026-09-28T21:20:43.561206+00:00,1,2.011224908,0
wal_sync_timing,p3v2b1-004-sqlite-d2p25,False,2.25,recovered,2026-09-28T21:21:23.011422+00:00,1,2.016461962,0
wal_sync_timing,p3v2b1-005-sqlite-d2,False,2.0,lost,2026-09-28T21:22:17.067723+00:00,0,,0
wal_sync_timing,p3v2b1-006-sqlite-d2p25,False,2.25,recovered,2026-09-28T21:22:55.819388+00:00,1,2.014397278,0
wal_sync_timing,p3v2b1-007-sqlite-d2p25,False,2.25,recovered,2026-09-28T21:23:34.357391+00:00,1,2.011020355,0
wal_sync_timing,p3v2b1-008-sqlite-d2,False,2.0,lost,2026-09-28T21:24:13.370396+00:00,0,,0
wal_sync_timing,p3v2b1-009-sqlite-d2p25,False,2.25,recovered,2026-09-28T21:24:52.190137+00:00,1,2.016599288,0
wal_sync_timing,p3v2b1-010-sqlite-d2p25,False,2.25,recovered,2026-09-28T21:25:30.588053+00:00,1,2.018895137,0
wal_sync_timing,p3v2b1-011-sqlite-d2,False,2.0,lost,2026-09-28T21:26:09.894908+00:00,0,,0
wal_sync_timing,p3v2b1-012-sqlite-d2,False,2.0,lost,2026-09-28T21:26:48.201031+00:00,0,,0
wal_sync_timing,p3v2b1-013-sqlite-d2p25,False,2.25,recovered,2026-09-28T21:27:42.077968+00:00,1,2.007074205,0
wal_sync_timing,p3v2b1-014-sqlite-d2,False,2.0,lost,2026-09-28T21:28:21.619155+00:00,0,,0
wal_sync_timing,p3v2b1-015-sqlite-d2,False,2.0,lost,2026-09-28T21:29:01.033345+00:00,0,,0
wal_sync_timing,p3v2b1-016-sqlite-d2p25,False,2.25,recovered,2026-09-28T21:29:40.788855+00:00,1,2.022462043,0
connection_close_vs_hold,p3v2c1-001-test,True,2.25,lost,2026-09-28T22:49:16.585929+00:00,0,,0
connection_close_vs_hold,p3v2c1-002-test,True,2.25,lost,2026-09-28T22:49:56.510635+00:00,0,,0
connection_close_vs_hold,p3v2c1-003-control,False,2.25,recovered,2026-09-28T22:50:38.179905+00:00,1,2.015963722,1
connection_close_vs_hold,p3v2c1-004-control,False,2.25,recovered,2026-09-28T22:51:18.629225+00:00,1,2.024095318,1
connection_close_vs_hold,p3v2c1-005-test,True,2.25,lost,2026-09-28T22:51:58.577170+00:00,0,,0
connection_close_vs_hold,p3v2c1-006-test,True,2.25,lost,2026-09-28T22:52:39.733383+00:00,0,,0
connection_close_vs_hold,p3v2c1-007-control,False,2.25,recovered,2026-09-28T22:53:19.463816+00:00,1,2.029098298,1
connection_close_vs_hold,p3v2c1-008-test,True,2.25,lost,2026-09-28T22:53:59.997234+00:00,0,,0
connection_close_vs_hold,p3v2c1-009-test,True,2.25,lost,2026-09-28T22:55:02.524626+00:00,0,,0
connection_close_vs_hold,p3v2c1-010-control,False,2.25,recovered,2026-09-28T22:55:42.708693+00:00,1,2.016625273,1
connection_close_vs_hold,p3v2c1-011-test,True,2.25,lost,2026-09-28T22:56:22.823489+00:00,0,,0
connection_close_vs_hold,p3v2c1-012-control,False,2.25,recovered,2026-09-28T22:57:02.539605+00:00,1,2.020754648,1
connection_close_vs_hold,p3v2c1-013-control,False,2.25,recovered,2026-09-28T22:57:42.919850+00:00,1,2.011089505,1
connection_close_vs_hold,p3v2c1-014-test,True,2.25,lost,2026-09-28T22:58:22.936546+00:00,0,,0
connection_close_vs_hold,p3v2c1-015-control,False,2.25,recovered,2026-09-28T22:59:02.599266+00:00,1,2.0183952,1
connection_close_vs_hold,p3v2c1-016-control,False,2.25,recovered,2026-09-28T22:59:43.061035+00:00,1,2.017302767,1
